year_month,nclimdiv_pdsi,nclimdiv_temperature_c,nclimdiv_precipitation_mm_day
1895-01,0.8321879826167026,8.78749121385704,1.5535243044380427
1895-02,0.47537987921446173,10.255024835433662,0.23197706760269357
1895-03,0.1742517445068533,13.30045334811347,0.051279170904615826
1895-04,0.7301456054625988,17.292293258818145,0.023162173443704418
1895-05,1.8556152451989651,21.656104001964234,0.15503919968432417
1895-06,2.2201468543454275,24.984650401797897,0.039986738069720466
1895-07,0.9392804813222094,28.33547551734908,1.137637569694005
1895-08,1.191234691861535,27.5520411899631,2.2957123136346085
1895-09,0.9393083181493136,24.670998317033494,0.8955237047063334
1895-10,1.1989917099194458,19.273340840311292,0.9412725313646827
1895-11,1.8907781258526128,11.810703007209831,1.64817904948218
1895-12,-0.5414738425829322,7.446699328640033,0.2513214982936841
1896-01,-0.9055793749544997,10.920943023904139,0.5163768328454773
1896-02,-1.4429933404850892,11.40282232134629,0.18705776605550273
1896-03,-1.854343084729638,14.481416451992565,0.4045476444539228
1896-04,-2.1458543970150985,16.014940071607604,0.08843299955033698
1896-05,-2.481364029013607,21.493827649176712,0.006981359415974527
1896-06,-2.6659479987267254,27.97180398019331,0.17139389340727681
1896-07,1.3876629521726902,27.637475457914288,2.8863201985818265
1896-08,0.9069420462772968,27.3115098205396,1.4355832980655125
1896-09,1.0144112145309319,24.92319005172091,1.2914210866026326
1896-10,2.6310711535645055,19.108364885021015,2.5491803857609785
1896-11,2.2972432772748803,12.8006282154592,0.49735714065024034
1896-12,1.6969939736897528,10.094020028715779,0.49356749195409644
1897-01,2.664688208638043,8.970643784087205,2.5206929188310014
1897-02,2.3402982537452925,8.818141897787338,0.5770939983356079
1897-03,2.206966230874709,10.376054224722957,0.5385815041628784
1897-04,0.949079172315767,17.48370887325808,0.021750982896838314
1897-05,0.9234529348811706,22.688300107272127,0.089355070066039
1897-06,0.3165845930570742,25.424497131053982,0.0557930876662446
1897-07,-0.03427664372749256,28.444879212394184,1.2158548195102243
1897-08,0.04461180179828583,28.207588581424876,1.887502953406063
1897-09,0.8398702368036765,24.868877999051783,1.9330585905519198
1897-10,-0.3472350952448856,17.699437634502438,0.3390965829912221
1897-11,-0.9124647972476567,13.56482709348545,0.0009351794225663427
1897-12,-1.2493017072692787,7.521755352185701,0.3221938123049581
1898-01,0.2934666631944707,5.818371199206835,1.6417761100691994
1898-02,-0.8120248073712574,12.412821539408721,0.06445774992110913
1898-03,-0.8858114117763414,11.784451848559069,0.6447994738094461
1898-04,-1.073442788782516,18.977027672277163,0.4396586181683322
1898-05,-1.309028018057092,20.191370584080783,0.0565710639639452
1898-06,-0.6795629850804351,26.611602666858655,0.5444120362584507
1898-07,-0.39641812189096615,29.147323315141502,1.8861617297784747
1898-08,-0.41873535497536035,28.465915185721112,1.8635430343500015
1898-09,-1.4082980709437154,25.578879002897022,0.294018226114838
1898-10,-1.8973034817258,19.04770990268588,0.0
1898-11,-1.812663138757999,11.983279847766031,0.4814830745409965
1898-12,-1.1739909696576754,7.022185082318128,1.573164931810956
1899-01,-1.0318803916833161,7.902063209296902,0.8209509346325606
1899-02,-1.1627489885772402,9.281637178980398,0.3823576839165348
1899-03,-1.4938697584335545,13.033230331170607,0.12035774955567112
1899-04,-1.684288387264027,17.543638152923066,0.2145154722497078
1899-05,-1.789997056428358,19.14090168439536,0.0
1899-06,-1.311518316161301,26.080914138624298,0.5918421518897443
1899-07,-0.9555851243406268,28.73547914477019,1.8198894832535348
1899-08,-1.507117688573746,26.922905542559747,0.9855463250229557
1899-09,-1.488647935728548,26.210312381906476,0.9812135676255328
1899-10,-1.5734442797758765,18.011767515300278,0.3799842898374626
1899-11,-1.5513743093477652,13.527722143097646,0.5374778653597578
1899-12,-2.0979469436203546,9.735862878561356,0.06119400147690196
1900-01,-2.672469479880861,10.61362492992861,0.16056636635211544
1900-02,-2.992769878333712,10.895977634196644,0.35481341949700634
1900-03,-3.353765986343479,15.953896045140729,0.6227896255343423
1900-04,-2.7387395402534707,14.927338306443144,0.9675260393717561
1900-05,-3.085629307551219,22.342678248830733,0.07907703348506526
1900-06,-3.4531603453527455,27.16193157371382,0.021993540983361114
1900-07,-4.070282824442231,29.674375304861453,0.574918529710426
1900-08,-4.358160898803172,26.37149659264278,0.9075928772955149
1900-09,-3.6918822279958117,23.213609908158464,1.2396259053976275
1900-10,-3.6955992133315867,19.154434417030235,0.29514816203538313
1900-11,-2.3644323366901867,14.068688314547115,1.4859315268449507
1900-12,-2.8003125443994654,9.38892933508667,0.01137705146838083
1901-01,-2.4871928982340603,9.14731881118918,1.141364791921551
1901-02,-1.1392945395735996,10.634794798905283,1.9222230522933175
1901-03,-1.0214543497472615,12.407588875727368,0.5161673493500698
1901-04,-1.0211609250082985,15.514869637484594,0.1005325424028425
1901-05,-0.9116489904833366,20.900704049614077,0.25596410451889506
1901-06,-1.057723814078786,25.00480624008301,0.0
1901-07,-1.2161352228310154,30.093560721236404,1.5910841597185146
1901-08,-1.5971536929932166,28.52496049831198,1.4904073277459102
1901-09,-2.0376333623455443,24.63661881621094,0.34597234676945976
1901-10,-1.7660681100873847,19.42014843444677,0.8246931985789158
1901-11,-2.0695689283833043,14.557297402838385,0.24052516536601942
1901-12,-2.525998802649055,8.752103651431492,0.04438565669916992
1902-01,-2.5363658268997638,8.871997701341495,0.7194969793463474
1902-02,-2.9158995355093773,10.869961087305958,0.18099237346882902
1902-03,-2.9870753404599153,11.297805278923411,0.38176394614766457
1902-04,-3.438005104710963,18.1032057138271,0.004717878517739889
1902-05,-3.577822155516156,21.196451929610337,0.19553973018167828
1902-06,-3.819977884409746,27.28966189431771,0.09835998142454853
1902-07,-4.419748609022134,27.6406799452926,0.4359418978411215
1902-08,-4.349297963617819,28.11157769521191,1.4635055874359082
1902-09,-4.073099664651108,24.998547275945295,0.9010385062405619
1902-10,-4.2740471441856736,20.108740351855065,0.09858991329540884
1902-11,-3.2963141238533327,12.446043240532605,1.3036225720816828
1902-12,-2.554420133070459,8.837777080987486,1.593459060907102
1903-01,-2.8168883300930054,8.677831767437432,0.0726347885254618
1903-02,-2.454136357150569,7.453954311246799,0.8246663084300561
1903-03,-2.0429041683137474,12.634962877602163,0.8992148271498649
1903-04,-1.8266481473002931,16.344432605681288,0.11550393421092624
1903-05,-1.686688295694708,20.52545091730203,0.1864002888904359
1903-06,-1.3341165211444506,25.7752367568762,0.40805299138982304
1903-07,-1.7942207452734547,29.34181471673067,0.9161244854776787
1903-08,-2.006080138679648,28.93418452775653,1.5268090840301567
1903-09,-1.3968112971182158,24.85137865451719,1.4569631497488515
1903-10,-1.8820719123126712,19.042768536814535,0.00298939661520539
1903-11,-2.332678284440391,14.16895118406467,0.0
1903-12,-2.7131846588690633,8.854916171897337,0.1314875649015305
1904-01,-2.973285485594147,6.772276797298736,0.17772477074869875
1904-02,-3.380908583258895,12.503227524246086,0.3995884994729925
1904-03,-3.942906376871414,15.298303260230202,0.1770508091212724
1904-04,-4.287763495345109,17.57148332281963,0.0029472907183722987
1904-05,-4.234257951538793,21.755132396048307,0.3079338313804388
1904-06,-4.437528977052043,26.769814819028063,0.05535006028530083
1904-07,-2.346554536321161,28.276224452532656,1.9252858892197997
1904-08,-1.4037811514852598,27.962554889410743,2.755607788221304
1904-09,-2.154685038828557,24.57115637682626,0.6154664639886057
1904-10,-2.1949512103565487,18.64804007893451,0.41180692014032677
1904-11,-2.5327681404169216,13.132460816223315,0.018035178491267526
1904-12,-1.225247641437539,8.812617175800147,0.8524110260701216
1905-01,1.0669242319494954,9.962570115792088,2.4841256303463455
1905-02,3.5761594479392014,10.754370340554425,4.619417306680107
1905-03,5.263663342198135,13.276481738070913,3.26206107025201
1905-04,6.58373239359496,15.705038861449061,1.5427092492683943
1905-05,7.514548972005446,19.057893028719054,0.06808719373263103
1905-06,9.50392460047439,25.98117734945221,0.37797868684263025
1905-07,8.007039668072636,28.749442551980774,0.7357719143738781
1905-08,6.4546575056650415,29.307304879767432,1.121663591030438
1905-09,6.345530638248934,25.926909110175707,1.7463515602059947
1905-10,5.156404272284234,19.276193341021983,0.1221746870726743
1905-11,6.77000865805388,12.924764332633016,3.3180425596814493
1905-12,6.216474216557202,7.147151506160191,0.8546159788535459
1906-01,5.419433665952693,7.830078607003167,0.4148770432343788
1906-02,5.269499581299149,11.69787325645905,1.3760121361149198
1906-03,4.970005022345454,13.218599693122618,0.9309637693237216
1906-04,4.9259234543015875,16.039583107849882,0.46883105473110576
1906-05,4.198838655647477,20.611274947197394,0.03851893241317293
1906-06,3.98616761632851,26.16124509190813,0.0036070356982535056
1906-07,3.64829022347275,29.655536360202316,1.661276027089669
1906-08,4.6295236100620825,27.243256204914715,3.2948100323197593
1906-09,3.3626333436838944,24.73202190852631,0.19285389546562387
1906-10,2.4834097000832047,18.77682982367871,0.09282733372900484
1906-11,2.553734579681196,12.459890935091348,0.893070406936409
1906-12,3.554444093241348,10.452017708681215,3.109532638032771
1907-01,3.9869140603553133,9.182879818507656,1.7927421369304855
1907-02,3.2602176139477974,12.742812054789189,0.5286977854519305
1907-03,2.8819539704489765,13.707163318937619,0.686261250996324
1907-04,2.7328954445559095,17.61197725827694,0.2560317617566806
1907-05,3.2382757988658533,19.346661394644684,0.5822492864275928
1907-06,3.4073158011349527,24.111995441274832,0.09117360492140847
1907-07,3.506694862199037,28.865982389588865,1.8407789359645415
1907-08,3.854645505377925,27.580478153708015,2.751786681005695
1907-09,2.9252457346111433,25.33306118450333,0.412628855616747
1907-10,3.8352161838522063,19.126548459385127,1.7664664079160621
1907-11,3.3389784268345126,12.75942282654946,0.685781938822247
1907-12,2.301790983517939,9.531165733016316,0.007280725921392502
1908-01,1.7787318125728735,9.389707390629802,0.6730271525176886
1908-02,2.3270186138522964,10.243971490399456,2.1157001862339557
1908-03,1.8841967705409837,14.251412563925609,0.5716241355008145
1908-04,1.6126687112582625,17.306367183259926,0.4835619751466314
1908-05,1.2971701425143465,19.50651738643346,0.1096759837230602
1908-06,0.9550963586950038,25.35629428824595,0.05266332297655572
1908-07,2.248190523534208,28.674811188029864,2.798742411246443
1908-08,2.2287695622989068,27.986402404924416,2.1466473829358246
1908-09,1.8487080774211395,24.675700465444564,0.7428459082305846
1908-10,1.2699925653454778,17.08479814838406,0.29083093045527053
1908-11,0.7498798895042886,13.819510973510932,0.29630223002192796
1908-12,1.5668204442031008,9.385332188212093,2.287111193253731
1909-01,1.1808578603535622,10.880545254712423,0.6691666344958145
1909-02,1.2362728286294573,9.803837898258173,1.0529396909752307
1909-03,1.5754633356848755,11.083920969958783,1.124075208262868
1909-04,1.1390999473820995,16.743176730166695,0.03161269919304828
1909-05,1.0186660696606316,20.00163133005164,0.0
1909-06,1.0232245562541977,26.816941605400995,0.16702734168337705
1909-07,1.0817290126257577,29.134119711448648,1.753394706645687
1909-08,2.146106417427368,27.28091061406654,2.991246605539141
1909-09,1.2518761052802403,24.614348380622587,1.0708784753876506
1909-10,-0.6391825062344327,19.210282919479457,0.006981359415974527
1909-11,-0.6450320443685795,13.17155012952154,0.5480017650433541
1909-12,-0.6055136153895309,6.976886918951063,0.8616984643343107
1910-01,-0.6840067749439303,8.68075765888767,0.8289449596058878
1910-02,-1.1494558025158628,9.831471949733125,0.03172356252418256
1910-03,-1.872702660591084,16.371520859649145,0.3347256919587686
1910-04,-2.264603039678361,18.181678650705557,0.184836815433948
1910-05,-2.710515775466874,23.17927423390058,0.03184485354699224
1910-06,-2.7730249930743933,27.128433699413407,0.28822527012964005
1910-07,-2.328731380641914,29.396834390819905,1.7698562653224474
1910-08,-2.44672881361254,28.774544964729937,1.543750729960665
1910-09,-2.956781544053398,26.79251577158879,0.2858671314097762
1910-10,-3.192145269940716,19.674394966167615,0.15627561238933158
1910-11,-0.5747230619807151,13.565137334789195,1.682239496058375
1910-12,-1.3157491699077672,10.4053260318088,0.22327661761733944
1911-01,-0.8600856714833054,10.926918252548587,1.5904993090942268
1911-02,-0.2716195916213904,9.809126645096942,1.4854125015943846
1911-03,-0.5179918168795425,14.903524029533337,0.6003858356101184
1911-04,-0.7081303480854554,16.786436211469496,0.22333117123586527
1911-05,-0.8629321222049157,20.86845569318107,0.01047203912396179
1911-06,0.31998902365206927,26.160590426253506,0.500715817223233
1911-07,1.943865142021427,27.939772826190378,2.991270487203995
1911-08,0.4869923118362046,28.458128914176182,1.2104349497408573
1911-09,1.244906926036004,25.66102187449711,1.7290922554395038
1911-10,2.188246992314478,18.290495862242878,1.7316457552031235
1911-11,-0.43932199330164956,11.471354532899253,0.012867129336813244
1911-12,-0.5985558504453105,5.4666895109798155,0.5294054284473294
1912-01,-1.2476513032183267,8.967956336429342,0.006981359415974527
1912-02,-1.6441074713150488,10.113749798125385,0.27813912421028053
1912-03,1.1528094519502448,12.210172402248267,2.5734660610251345
1912-04,1.613775721781883,14.463000619592414,0.6267570460006252
1912-05,1.6368603652148996,20.630124410789797,0.29430874841341376
1912-06,1.778237270739041,27.05870049083374,0.38600958729111057
1912-07,3.0810133448984303,26.922631552331875,2.879712802978659
1912-08,3.009439090422491,26.802423429085817,1.9629905002014902
1912-09,2.0976638953187545,23.251326313700783,0.21093231524606443
1912-10,2.436820793969335,17.522581757794132,1.206557550098126
1912-11,1.3181856750609824,12.509660480313766,0.026493774699272783
1912-12,1.0093587392628762,6.534473073561205,0.6128039033404705
1913-01,0.7923860080444156,6.051225405035829,0.6063446008688335
1913-02,1.9411695987835458,9.223749823691524,2.5264901703746445
1913-03,1.4709827250185579,11.075713235238544,0.18593963296369415
1913-04,1.2912447073234448,16.47370669857911,0.41224441367360815
1913-05,1.2380824463711024,20.77104468876134,0.04041812547846722
1913-06,1.1532726282661345,25.10948659124714,0.09586378854578141
1913-07,0.8003854958038971,27.54914558050018,1.5782786615368904
1913-08,-0.2511538632370638,27.745337507758634,1.5057410009797658
1913-09,-0.7217334871239163,24.66957238448458,0.47032855461447576
1913-10,-1.1014856922766558,18.289506688278145,0.15914512993883795
1913-11,0.6523005579105439,14.221239495355556,1.8288707824619133
1913-12,0.2505646552416438,7.957103489135583,0.7860488429853113
1914-01,-0.4796824409335454,10.23049319183834,0.5629930497815597
1914-02,-0.43817915015465614,10.349115810598613,0.8829560925528819
1914-03,-0.535753758604423,14.499340387094398,0.7091368577535392
1914-04,-0.9232027268674013,17.740631629063127,0.08260773369690444
1914-05,-1.0413773744426278,21.67572395878303,0.23715281246202302
1914-06,-0.47142921674927957,26.642363812164675,0.42217453385661524
1914-07,0.180133962334445,28.064652055364327,2.2195893175466543
1914-08,-0.06863996866668015,28.254054618134713,1.6466937105357438
1914-09,-0.5474001802002628,25.878818895152676,0.5374143132335448
1914-10,1.7491926848735146,19.028935308141303,2.219227634605864
1914-11,1.8284340082762154,15.158239738881921,1.0851079667460628
1914-12,3.563178152280311,7.50872278380626,3.8019419608141996
1915-01,4.421126428749077,7.369151215611767,2.0972246013698244
1915-02,4.820032513283312,9.654165032502569,1.710650253597707
1915-03,4.610866348690432,11.80580945753879,0.7237482345263432
1915-04,5.407334885669284,16.228294583114387,0.9443696699459528
1915-05,6.364994539474831,18.724135809458854,0.2340805183417573
1915-06,7.828948486447146,25.899035182492504,0.19876221796556826
1915-07,7.669491977863526,28.221891033618252,1.9870166131553002
1915-08,6.3541472448059935,28.32258440693613,1.151686234522181
1915-09,5.3525661990409095,24.136242575709005,0.5212951923162545
1915-10,4.169901981750657,19.851907691479198,0.052482652461332734
1915-11,3.8208002698794727,12.76484251242143,0.7713704015840803
1915-12,4.154730187167958,8.346424530908447,2.1419610160836866
1916-01,5.87954501253968,8.45205466439746,3.752525412046757
1916-02,5.084630828674518,12.622670464606326,0.4723682620322951
1916-03,4.704072712776829,15.22095942111922,1.0088604880417944
1916-04,4.668881681747793,17.300394308339506,0.3181150335327673
1916-05,4.93513616149046,20.550731084985955,0.1185149078220781
1916-06,4.952604992115482,26.25394037061909,0.0
1916-07,4.755483251846,28.298916193692996,1.7656661061591652
1916-08,4.248806430073641,27.032866963325983,1.7622514382573526
1916-09,4.557869817796245,24.385930770709294,1.7615164122584952
1916-10,4.461276396039879,17.4626881263125,1.0575076485279191
1916-11,3.534696683697069,11.7176233918152,0.0036070356982535056
1916-12,3.0117999098189507,6.724467361152422,0.6426118169255717
1917-01,3.7459872985647538,7.482912749636973,2.2411696675847996
1917-02,3.4142291597182894,9.575498989425013,0.8035258100554221
1917-03,2.843586677311704,11.042792030153008,0.09146500123663813
1917-04,2.875833958727444,15.493747413932843,0.6190959633157856
1917-05,3.197773774251715,18.18080217692066,0.6264784974878165
1917-06,3.225778343253004,26.855130246935477,0.020840716758966555
1917-07,4.565335017164493,29.30558990138468,3.17334829398233
1917-08,-0.7241991009726565,27.62976570450083,0.8799745871863759
1917-09,-0.7472955627822095,25.479270799034104,0.9637483807853852
1917-10,-1.3695041158413888,20.439729786465655,0.018100568838097665
1917-11,-1.876882957693986,14.209575298059336,0.0
1917-12,-2.4820209720787068,10.630285700837835,0.0
1918-01,-1.4378320163472633,7.435769258574415,1.665143563100492
1918-02,-1.2559481205327265,10.549799472486919,0.9424353374733735
1918-03,-1.1352349901563836,14.034186915316388,0.8337576263971329
1918-04,-1.3232317641007645,16.60348944932035,0.05971039595632079
1918-05,-1.3966566758606058,19.46411240977776,0.08118373279996098
1918-06,-0.9396829793044745,28.722007634857917,0.47212172467822633
1918-07,-0.26436867924291474,28.541406249739786,1.6375486495699232
1918-08,0.02599502359160233,26.551102788815214,2.0253857148187686
1918-09,-0.9922711339188688,25.729506269849765,0.3582791454720335
1918-10,-1.142891948390485,19.665736895565498,0.4618562561548775
1918-11,0.5125898727105471,11.599991425327923,1.2425816733836368
1918-12,0.9659049886380636,7.3354694333406165,1.6202415076752528
1919-01,0.6625209274634049,7.271473714253397,0.39544449527638015
1919-02,1.0294016112435962,7.804225362333773,1.3123375444970886
1919-03,1.0820873158374258,11.23991113498569,0.6335107842839861
1919-04,1.2252878530393954,17.74259102032681,0.5053798402058596
1919-05,1.5450888341881903,21.68046017532133,0.4030038269151409
1919-06,1.6103460371828042,26.901051430581507,0.22353829665173383
1919-07,3.8167425525499343,27.768875542464414,3.9351758743757967
1919-08,3.4073121246329734,28.217537026670456,1.6920099902094503
1919-09,4.174505425856324,24.469131657168937,2.207796221735321
1919-10,3.775740496495362,16.732699362879032,0.5651297601583145
1919-11,4.772130711393153,11.853398678783028,2.286209935790452
1919-12,4.014397437390276,9.813023527514023,0.5560738765154299
1920-01,4.464740711983616,8.963508516939976,1.9070338885883165
1920-02,4.6430536773101565,11.47057499904785,1.6412061006081027
1920-03,4.818890909547331,11.62200901030285,1.3103196518089508
1920-04,4.766703565271289,14.254911361585926,0.13419781257219743
1920-05,5.27107956863995,21.11713730488663,0.16679049913838123
1920-06,5.77478973194701,25.55976764806617,0.48645864349866663
1920-07,0.6084162413423048,29.519872295106072,0.7442402685766205
1920-08,0.5501508217943947,26.933091625209457,1.7783890905730866
1920-09,0.3653776106777633,23.968008587554454,0.7545751289146037
1920-10,0.8738074203225128,16.814111119720522,0.9997412927488737
1920-11,-0.20229738071583525,12.284745500093111,0.11034317224539845
1920-12,-0.7327042996904221,7.206064401409588,0.1002711436579613
1921-01,-1.0828212043325365,8.728256853730246,0.4172238158619997
1921-02,-1.5599203515453153,11.165736895565498,0.33625424292868417
1921-03,-2.2335477126708208,14.931733170167014,0.18789218389250245
1921-04,-2.424268491730946,15.711646684862476,0.21994559653819679
1921-05,-2.629841618218879,20.070251214282234,0.12496385776366542
1921-06,-2.867415004711853,26.388562305985115,0.13199193516917337
1921-07,2.069193161762348,28.24034093414563,3.693994962765016
1921-08,2.65784194189047,26.949858307649667,2.6855971004224095
1921-09,1.1819301667732032,25.07461502235089,0.7612626326751225
1921-10,0.7726271107118641,20.407690365505598,0.47554978937475334
1921-11,0.3039224972030521,13.548992023544276,0.27876901052973924
1921-12,0.12621385660810558,10.870498391225077,0.9674999127731212
1922-01,0.5546961483352252,6.977986610146986,1.4734396034743236
1922-02,0.30852511974637464,9.859306429921013,0.5041981447770244
1922-03,1.2160003806170834,10.85639193281982,1.0198121391138624
1922-04,1.558629296546537,14.617129742569887,0.5110577060510866
1922-05,1.1153429455844501,21.70984616089528,0.22154652409465408
1922-06,1.064476445208845,27.447189042989706,0.34707823342033106
1922-07,-0.18955645565445373,29.3018875476195,1.361516621655532
1922-08,-0.25641028504409535,28.394424663674346,1.7402585430979183
1922-09,-0.3962300789689007,26.38405840333833,0.8689412981626182
1922-10,-1.282191685116315,19.650188688509516,0.1556051156504052
1922-11,-0.7593237740246699,10.447724924456026,0.9433408366556809
1922-12,-1.2187694402010254,10.215593566428506,0.4107419992111261
1923-01,-1.6773076998271181,10.465059248658154,0.40504000404833745
1923-02,-1.5998719723494985,9.607399204394756,0.7559340917059528
1923-03,-1.5970066645396277,11.46707236935522,0.6638556480676344
1923-04,-1.8079449949131758,16.175325100358386,0.21276518276016715
1923-05,-2.128411666809366,22.290712291005057,0.10482243154636317
1923-06,-2.400140943446975,24.610140483233874,0.0036070356982535056
1923-07,0.5321828062151067,28.45085131364671,2.0865923338300054
1923-08,1.0145503648269774,26.868388284702107,2.4451493898464634
1923-09,0.8704671919495457,23.44943146510627,0.8469821832934161
1923-10,0.48784233719219533,17.083722724194498,0.2476174089619216
1923-11,1.6027128765050231,12.23788887191574,2.0238624475791758
1923-12,2.4976198247251267,7.8375650871501215,2.377354286708185
1924-01,1.311478059826809,7.1024057581736795,0.03701618827412869
1924-02,0.6525745685203638,11.382360129645209,0.029989621632455075
1924-03,1.3596086903142446,10.26286033245966,1.452154142480619
1924-04,1.6960416675198267,15.094280441645955,0.3856767429546979
1924-05,2.1368805323853053,22.261512396350486,0.11509197873955779
1924-06,2.082067175245227,28.217900338659614,0.059099775637118386
1924-07,-0.40024070672305667,28.875039318615634,1.1739702623673023
1924-08,-1.5129520520112765,28.61610273747314,0.5657648872632766
1924-09,-1.9862744136378345,25.83602645442137,0.3753843260035301
1924-10,-2.105585384478445,18.301954251458085,0.3000204541494828
1924-11,-2.4039889304541764,13.560229378297098,0.1247486962280672
1924-12,-2.0104836048368906,7.4356951073390185,1.2128684248982835
1925-01,-2.301995619313119,7.08005514319692,0.08844124638412401
1925-02,-2.7663642054769264,11.952990882596701,0.12003228205320403
1925-03,-2.809033657702284,14.19248237426613,0.5022070794196651
1925-04,-2.7583680506256347,17.41742917063785,0.4846933415701251
1925-05,-2.9889042555494196,22.75460790893104,0.1561067206929039
1925-06,-0.6758709024869518,25.920344441406932,0.7032503328050019
1925-07,-0.9224207719096958,29.42001218507299,1.4379232898577352
1925-08,-0.20608548149433265,27.128143004495907,1.531174315903946
1925-09,0.4289570655692607,24.12948261779249,1.4881518086665024
1925-10,1.1267416899037488,17.97546488746197,1.3349703695619084
1925-11,0.34682148581128186,11.598739655484367,0.4806937944418144
1925-12,-0.37737857812807696,8.453432076105692,0.5513281662709231
1926-01,-0.4952291846077147,6.3513567544069085,0.5983192547312255
1926-02,-0.8255354368030245,11.20490036009912,0.5066428959342664
1926-03,0.11974602347736019,13.552814639806037,1.7224934962401517
1926-04,1.175726512718175,16.736294156029565,1.475788022624973
1926-05,1.2832958462996793,21.011619871577444,0.43566083327718935
1926-06,-0.08455055644371293,27.25646965562084,0.056236115047188374
1926-07,0.018670262694313655,28.58354933515703,1.5530357716392047
1926-08,-0.9548817707738602,28.04573989074105,0.9889726477865819
1926-09,1.2841143672433057,25.75516493001179,2.53531696109219
1926-10,0.5885999041548293,20.20414657156236,0.5787027832411378
1926-11,-0.04186899877796402,13.730486403189488,0.0669244673528278
1926-12,1.4278433430360895,7.924136116933401,2.452270569145871
1927-01,0.15231027775312883,10.393281159085822,0.10989263344031938
1927-02,0.5367327143292249,11.809330974869694,1.6833562338609507
1927-03,0.7247045272910464,12.151315590156292,0.8979123394763698
1927-04,1.0597614504774597,16.445913006139786,0.5034894293846666
1927-05,1.1927482657688924,21.749519001084742,0.11883326571592079
1927-06,1.714716675035562,25.74917918243405,0.4586230218694288
1927-07,0.7237528706605357,29.297565300967293,1.3476880900867667
1927-08,0.7052769879234063,27.42772872713529,1.845624486649333
1927-09,1.5108237851063688,24.67134492433302,1.8542790143675267
1927-10,0.15916472773892357,19.22551096919092,0.35602031554332725
1927-11,-0.25950501813340066,14.856744624127815,0.32905421164418236
1927-12,0.06407752970148572,7.3101105087211,1.3396608750407657
1928-01,-0.9964653130934191,8.794869586352311,0.0642080830658602
1928-02,-0.5564708824257718,9.740730751945273,1.3895202242529938
1928-03,-1.06313792437947,14.387789560782567,0.0918180727419022
1928-04,-1.4132196438644526,16.432225067465332,0.08206207430791855
1928-05,-1.4870754288725978,22.683007643320977,0.3067724394458405
1928-06,-1.829999713796543,26.558247198335323,0.0036070356982535056
1928-07,-1.886678964686566,29.4814421973072,1.4155415906558784
1928-08,-1.7657125372800895,27.56874812798897,1.7995369051812298
1928-09,-2.2577886913962564,25.81859979598595,0.32329307839289606
1928-10,-1.8607456353990224,19.71873134996824,1.0038508816722946
1928-11,-1.9550470612030275,12.411851322109774,0.3162256447744458
1928-12,-2.0710934586849,8.103566672092215,0.5083732738987451
1929-01,-1.986614151567033,7.091228147835199,0.7067813811235683
1929-02,-1.9668100449994705,8.29980399279942,0.555905921767984
1929-03,-2.1029870665910004,11.958782101522539,0.2708935707856851
1929-04,-1.9201918801622433,15.494027488169182,0.4250134741681818
1929-05,-2.235911698622881,21.66940595487135,0.0799387267840838
1929-06,-2.524380906852149,26.67128292794252,0.07636644044118744
1929-07,-0.7568771548700275,29.063607742685463,2.03845108313281
1929-08,-0.06087213744256109,27.76762525092912,2.149191805419074
1929-09,0.7346260259456456,25.125311745147542,1.945595337735302
1929-10,-0.7451345229687389,19.86784944661925,0.2753393786654571
1929-11,-1.012698504259192,11.05309323573411,0.1312333463464179
1929-12,-1.5976490745526921,10.228305977463428,0.12143877427086426
1930-01,-0.15360662951398216,7.708405172740401,1.617360891715837
1930-02,-0.6641744929847415,12.413592806303003,0.3608564252472458
1930-03,0.7995269803056286,12.36789413542763,1.8456078167599856
1930-04,0.7915968345300732,18.537691023317294,0.2727735160699515
1930-05,1.040289758868585,18.79411119211535,0.6144958789169099
1930-06,0.9869846217057383,26.75883782134995,0.34394279812610384
1930-07,1.5458770275659848,28.607335627948107,2.2835848446770193
1930-08,1.3155049561199172,27.694221504735324,1.734999261653101
1930-09,1.0117092149787694,24.08356072950609,0.7886606018815923
1930-10,0.5806224937868909,17.89059744171239,0.2330943284590689
1930-11,1.1630700325318952,12.323145260049186,1.5177969583018944
1930-12,0.2578820869855136,7.650647291348507,0.21351636954172876
1931-01,-0.1371910841177214,7.9260486364400595,0.37441703597997417
1931-02,2.203724687238064,10.804354836230749,3.67772850442245
1931-03,1.7610624878201029,13.031547886751337,0.21140064086271085
1931-04,2.186800475396537,17.934701396701595,0.8325277964902111
1931-05,2.492099492520653,22.491685067754712,0.17696205643717874
1931-06,2.782547045039121,26.663287789952143,0.4842859751331791
1931-07,2.5825728066791145,30.21296653510501,1.620615112701892
1931-08,3.499123709744244,27.192309758896563,3.144735183138211
1931-09,3.268771186945603,25.513669358270302,1.228378312625962
1931-10,2.681956616310149,19.34007854287801,0.4484288920703624
1931-11,3.7752483562680337,11.169574738208613,2.3161168318933445
1931-12,3.707362483331487,6.913435348287275,1.214137939288038
1932-01,3.449993194202264,5.081562720270452,0.6905439816369218
1932-02,4.085350791991002,10.58426609895005,2.10992389380189
1932-03,3.541657459351948,12.845641165024738,0.2865423848284251
1932-04,3.4899378214794283,16.660085656297863,0.3010905941338471
1932-05,3.6748913146589843,20.999235180203787,0.02228563688873473
1932-06,3.899115994846891,25.7216867038455,0.2812897474658646
1932-07,4.236869870031815,28.926811465601833,2.3369827791555906
1932-08,3.5622551139622805,28.42296753895025,1.542217925326928
1932-09,2.653675846176167,26.066849959447907,0.4656295620767688
1932-10,2.818488515343781,18.47244353438651,1.0484331402851328
1932-11,1.9046506709210878,13.889995731823264,0.0
1932-12,2.265741176557979,6.731816100445284,1.748805310051088
1933-01,2.8756547513832382,6.460764986124698,1.7523904542112965
1933-02,2.701719117819164,6.8924387534281415,0.672736594500419
1933-03,2.0469103617251827,13.142101976781694,0.005300704396825346
1933-04,2.234479648623468,14.530126559902625,0.5559479319394962
1933-05,2.420902277190178,18.627609476753637,0.07250599419917618
1933-06,3.1271242412785627,26.64630007304955,0.3906940314771336
1933-07,-0.06931509233957509,30.237296202651617,1.2808559036467042
1933-08,-0.9152409550777921,28.791809628476944,1.1709223746404878
1933-09,-0.5496564886081758,26.598566266446902,1.450837343894031
1933-10,-0.38998058292227117,21.132968542795492,0.9676391935648879
1933-11,-0.2770263406679456,13.946205953033441,0.8803666057581567
1933-12,-0.9669233999748739,9.655819492803085,0.09737762040119596
1934-01,-1.4211202270337355,8.748411816599592,0.2796739562829242
1934-02,-1.8217193510914453,12.552046500303678,0.6623529011478625
1934-03,-2.6666964564614997,16.57647606440032,0.18681104507377372
1934-04,-3.153732798950669,19.46602640759269,0.20135725468720966
1934-05,-3.5437118438380684,24.42117693102383,0.18595862435211888
1934-06,-3.580066810593568,25.002861904425295,0.19199712816274223
1934-07,-3.8452315424795858,30.063122634035988,1.0337961019799862
1934-08,-2.93949290593089,28.04486348598366,2.4662255914310767
1934-09,-3.1086004408049632,25.23964541171494,0.5696496633363695
1934-10,-3.4474083125274904,20.284079440089428,0.06703382033009837
1934-11,-0.4012383388412721,13.325769233008273,0.7421754936699076
1934-12,-0.10965877107448471,9.988775107326207,1.4609648459832638
1935-01,0.51809836821636,9.299866864605697,1.2657558928590555
1935-02,1.35305530375771,10.971127414428407,2.1080082434998175
1935-03,1.668850338988611,11.646757958076115,1.0905749537187666
1935-04,1.858672416881195,16.890304494818732,0.25089914527288054
1935-05,2.2163584360508364,19.083876281150406,0.29592369060657764
1935-06,2.469465951060998,27.223429666347002,0.05014002972593837
1935-07,0.9855645373843906,28.872512990230412,0.8653620454292942
1935-08,2.4548045131427587,27.544204214628834,3.2550868569286946
1935-09,1.7802384175112356,24.986677873460554,1.185032483697577
1935-10,-0.34128021861263963,19.16557194426055,0.011717045139838976
1935-11,0.4643642597611639,11.254880420850636,1.1869688255357975
1935-12,0.2816111893262349,9.087829246724914,0.7576870479797033
1936-01,0.19718781168475574,8.269493183375277,0.7917072526455072
1936-02,0.4230711554444037,10.054116408798551,1.2937955531947216
1936-03,-0.16101446665866065,13.868334555268728,0.5805029408860126
1936-04,-0.5590073970498571,18.433149891315527,0.08518502842321089
1936-05,-0.7839087351440541,23.2391012632915,0.07196418786344476
1936-06,-1.0485129908895432,28.11610952612199,0.09769216598600593
1936-07,0.24058906047456624,29.664914924881884,1.9234253976819349
1936-08,-0.2661889780050465,28.420655456378565,1.5513984569667425
1936-09,-0.19204923113357197,24.580150434046747,1.1188388529318625
1936-10,-0.4719185739133765,19.082073574234563,0.39634431064239883
1936-11,0.30436153883315786,12.964178238200569,0.9205782457776229
1936-12,0.5535651317573957,8.69570492972242,1.4333607134289195
1937-01,0.9618062806661796,3.442965145551745,1.2438535400885091
1937-02,1.0085550976943352,9.511336840724564,0.9641993842004809
1937-03,1.4531626157478439,11.98104186057428,1.2591840621458013
1937-04,1.4577353522065792,16.488867441559496,0.021884664888850183
1937-05,1.6165258938933305,22.2031059201404,0.20141390727218342
1937-06,1.6796370724029015,26.169897852169672,0.28029252213511685
1937-07,-0.0006650837239227381,29.569960519364738,1.3802065450613472
1937-08,-0.5560433906377399,29.280452011227542,1.549228653847992
1937-09,-0.5073052955593588,26.73985582549616,1.1073203290470728
1937-10,-0.8058096499455556,20.323412461628216,0.42877475975314233
1937-11,-1.2960462854425252,13.687531967769779,0.05454141959897573
1937-12,-1.3792633278185547,10.543604858463745,0.8618201074449154
1938-01,-1.7209382715527073,9.59648052867818,0.3980792690133227
1938-02,-1.2622267901923596,10.513530139107946,1.118876415585843
1938-03,-0.8473405333603359,12.224291015498423,1.16999779485927
1938-04,-0.9698397928887712,16.936934778193145,0.1034798331212148
1938-05,-1.3809881805182123,21.20830073951768,0.04780411143919902
1938-06,-1.1425414385103798,26.719485138505014,0.6325118117252457
1938-07,-1.3578179716760606,28.444002033968918,1.1632014446941925
1938-08,-1.3574773633496546,28.047391997317522,1.7479863262628283
1938-09,-1.6923677676828262,26.24266588937464,0.6935169002562012
1938-10,-2.164132505627039,19.41273233256736,0.012362316928669471
1938-11,-2.339832344944349,10.479958874067982,0.021817877586441072
1938-12,-1.5374184083637314,9.973383584618054,1.5970967446096056
1939-01,-1.481801021461742,8.208142576861574,0.6785500277379802
1939-02,-1.013617779395413,5.955659373588773,1.052393536858672
1939-03,-1.0716920670804053,13.407849232802084,0.39287079042687145
1939-04,-1.1179052950464994,18.34998307298311,0.32269497379117085
1939-05,-1.2186091777951589,22.375353391951684,0.008920753774501512
1939-06,-1.433331410247733,26.901056740922087,0.03607035698253505
1939-07,-1.8946427702996211,29.446647146542432,0.9628989053292228
1939-08,-0.8239240401311799,28.368381496053264,1.973760119955684
1939-09,0.3743480991727517,24.837565087150118,2.0819258444227433
1939-10,-0.3514742026299825,18.16251434010921,0.46784678369227667
1939-11,-0.016058970629566877,14.321527165744467,1.1395855330968307
1939-12,-0.9808735278856171,11.362279262155791,0.32951984758106323
1940-01,-1.468044862545589,9.728688835838833,0.3567358520031444
1940-02,-1.089433152721956,10.46082550420693,1.460142929696541
1940-03,-1.6585374477669461,14.584863976806872,0.11063692152637303
1940-04,-1.8877949782929146,17.64381991178099,0.33498562956900196
1940-05,-2.176194551509225,23.591558824112994,0.23044627386786448
1940-06,-1.9532561051327932,27.975358100515216,0.5959094958561226
1940-07,-2.5591237591642297,29.458591418075002,0.7992148112181485
1940-08,-1.8344803999439352,28.504601808562384,1.6087454986186405
1940-09,0.6737490137569524,25.562801703023574,1.7516386180997874
1940-10,0.9411675951295589,19.86351893300992,1.0695381816522114
1940-11,1.231168835400969,11.715711645976434,1.089394091229867
1940-12,2.343205611040585,11.1883765563761,3.0294304772217293
1941-01,2.614346976189281,9.331978197997033,1.4446527905757947
1941-02,3.1530980054513087,11.794589512115973,1.9445127912376041
1941-03,4.275664939215907,12.263350046809329,2.416419845995517
1941-04,5.4645144674931,13.812599697442629,1.3725270941898515
1941-05,7.285463966983592,21.377861537339,0.5892298645966471
1941-06,8.463566176102344,24.777509460980088,0.08171074751407846
1941-07,7.8569264145804905,28.498896839861377,1.4549007046390092
1941-08,7.301955555306034,26.967622601787124,1.878607118398803
1941-09,7.157247261952598,23.756872346077802,1.669129962541361
1941-10,6.401002707178478,17.38373451570938,0.5289592040616561
1941-11,5.893512051621265,13.37679290179829,0.9112544936613334
1941-12,5.773712873674427,9.291752942427015,1.7837738383360535
1942-01,5.012931893172466,9.100973036975923,0.6037353992183188
1942-02,4.667519536438978,8.594274357637484,0.9328477934501516
1942-03,4.0916573408482755,11.549355220613513,0.3401575233017985
1942-04,3.560752433740574,15.982521453529065,0.9006211388680854
1942-05,0.2084648023201978,20.73405704425358,0.0
1942-06,0.02636511997160937,26.014087160188698,0.007214071396507011
1942-07,-0.33077913262491015,30.22792294831264,1.243875730848638
1942-08,-0.85463298637714,27.825601927979285,1.4561728302289845
1942-09,-1.081008750670402,25.44123660304335,0.7506675291962125
1942-10,-1.0774779443045324,18.971231143010748,0.623351815215882
1942-11,-1.6225120189703546,14.478157645460406,0.021593089528842237
1942-12,-1.789136787642717,10.062247809334744,0.7004291938311861
1943-01,-1.594210042416698,9.011173367727881,1.0947757977776862
1943-02,-2.0352201773606673,12.262721831109715,0.2578935149877345
1943-03,-2.0107521256887897,14.1134053737745,0.9997459395704859
1943-04,-2.493697918601898,18.804413102336827,0.09775133341811447
1943-05,-2.805677700095841,22.45003848533598,0.053823313809023776
1943-06,-2.6865844399368424,25.943100703457187,0.3749837441148115
1943-07,-3.3032302275719134,29.34167238334842,0.6942123522557232
1943-08,-1.119209582325202,27.699584402809496,2.5338752936169024
1943-09,-0.7448396473693334,26.003500639058196,1.4036653537846526
1943-10,-0.9079515611802104,19.411242823571797,0.536396194905093
1943-11,-1.3931225421104119,13.265582667805036,0.009084430241639695
1943-12,-0.9746461508164764,8.977648269804568,1.0599741565786365
1944-01,-1.1494950777838098,7.546243182388413,0.4964022069752611
1944-02,-0.0588774912939416,8.696359595377045,1.9346166249174959
1944-03,0.2877810682080014,11.372752968186536,0.8695604900195033
1944-04,0.7452609597166482,14.982843089181854,0.41061757666385124
1944-05,1.087615273737133,20.79175442073528,0.39216378743294783
1944-06,1.075685345046153,24.451358437326387,0.04172341492284129
1944-07,-0.2883393489402026,28.417941502910224,1.0287524956922227
1944-08,-0.7547463149995741,28.81964192571618,1.410410619520651
1944-09,0.2815955469268653,25.064157201449476,1.3573342548801388
1944-10,0.19257049434273446,20.448400729725083,0.6939310275297149
1944-11,1.2426908458012493,11.353373707136285,1.4924407913728415
1944-12,0.5846205173029969,8.912727022226774,0.8024804509184628
1945-01,0.7547035980049929,8.05972000264126,1.0921075526806843
1945-02,0.30476447858104183,10.341440829952766,0.2526981233139679
1945-03,0.9989667333410672,10.747515681508533,1.3243860039828201
1945-04,0.8941334804410764,15.731137941452188,0.04951419569230394
1945-05,0.4643155092560859,21.205627642825405,0.0
1945-06,0.17597015690388396,24.42532814236261,0.0018703588451326853
1945-07,0.19354489455988716,29.353277540870685,1.5655606204759855
1945-08,0.027897152077206444,28.43600541767027,1.9610313293222892
1945-09,-1.1006499486656254,25.668201830452706,0.17605387489696614
1945-10,-0.7749024923238927,20.317224636253886,0.9947129312003756
1945-11,-1.2203681400578181,12.41207087826388,0.0036070356982535056
1945-12,-1.3555225921797884,7.853562151779711,0.6322978060635889
1946-01,-0.97123453844806,7.362255768817316,1.2013140284177268
1946-02,-1.2940527158889945,9.108707057395735,0.17310530152227369
1946-03,-1.6042191841820292,13.288086839737703,0.2862764107111653
1946-04,-2.0388829492325695,19.687886137386045,0.2285922987686749
1946-05,-2.34337645328443,21.121800848497795,0.009866393284960724
1946-06,-2.6332849256121853,27.615019750966837,0.06586182199112944
1946-07,-1.129362428406177,28.91705222549553,1.7395715205855211
1946-08,-0.5373320706582567,28.096524342070794,2.122488274303394
1946-09,0.802074529250145,25.77075930418443,2.5647935998950615
1946-10,0.5039797207544804,16.97035100796893,0.46001265641831524
1946-11,0.728754949743402,10.674432866327143,0.8827484189180365
1946-12,-0.6289927077900375,10.27180987164716,0.6605442188812407
1947-01,-1.0047833749597923,6.828618675354544,0.226671203997596
1947-02,-1.5787056589305262,12.081575592927775,0.2861503156535526
1947-03,-2.161057377352253,13.537573717437255,0.11251791657327209
1947-04,-2.565064133981566,16.686761474543385,0.015638756658265498
1947-05,-2.6678717703049006,23.068438591325606,0.3802760996152817
1947-06,-2.8741792998024214,25.72704960191967,0.0914204172678359
1947-07,-3.489186656966946,29.734235641883757,0.6951028596773183
1947-08,-2.841849373779964,27.564157201449476,2.1542508321093092
1947-09,-3.006900737688009,26.731819830729712,0.6524675208396221
1947-10,-2.916743907582446,19.669849502104377,0.5582852958933219
1947-11,-2.5199713210762846,10.430246014895491,0.6494086923324732
1947-12,-2.480230432848674,7.260239486892498,0.6070965014104359
1948-01,-2.8676376171441023,8.48443249472745,0.051237646445455545
1948-02,-2.512439276853247,8.937909601192295,1.0770785766114583
1948-03,-2.305321344085331,10.212131793511949,0.4963676055247108
1948-04,-2.529005506877783,17.760030551419547,0.005611076535398056
1948-05,-2.9018626314419254,21.69999388191529,0.0034906797079872634
1948-06,-3.1107346773657087,26.292969939502974,0.09113806486356055
1948-07,-3.134397071963173,29.235715234838533,1.2083816749028415
1948-08,-3.3318237233189203,28.669027531420756,1.3005771283887584
1948-09,-3.5086941421309854,26.29153947028137,0.5504367087826308
1948-10,-2.745578353676568,20.05803903653026,0.8414233043230352
1948-11,-2.8475634916258823,10.170825803411793,0.018210841888187567
1948-12,-0.6127144420585617,8.365125747885523,1.377750679303694
1949-01,0.7664129959711092,4.053262019071369,2.34270479605068
1949-02,0.5932255079407192,8.349554752131441,0.42088450527151094
1949-03,0.3776672066734547,12.441319896651635,0.3034975141046567
1949-04,0.5133770670550086,17.877109227110502,0.31755469037131495
1949-05,0.7155102558230715,21.011133284619703,0.04466872369552353
1949-06,1.082820013168306,26.526250817099978,0.3896028130923528
1949-07,0.7818521632925082,28.634834895185506,1.6926928116049391
1949-08,-0.9477626808276631,27.418028526802942,0.9054166075822967
1949-09,-0.7341978683842624,26.798640725156844,1.291709845815426
1949-10,-0.615120671346374,17.739637144757822,0.647752947750838
1949-11,-1.1050328195984915,15.509647607656449,0.24259966577117398
1949-12,-0.952064667191247,8.379425141714488,1.0843554759918934
1950-01,-1.1594486730204876,7.772961744940687,0.44750234787141857
1950-02,-1.2297846265046735,12.019339541031677,0.8342296547585537
1950-03,-1.5376803099994505,13.869649196918559,0.30722372081479227
1950-04,-2.192469958853332,18.935572491118396,0.006412573965952534
1950-05,-2.511609129795443,20.55676760538054,0.030633561868990113
1950-06,-2.456496737790495,25.983574977608345,0.38644409362503207
1950-07,-1.178750651127192,27.82955785017033,2.5492012242832356
1950-08,-2.069824265764665,27.87561823980667,0.5984945212221396
1950-09,-2.214176622326268,23.962136313824452,0.5607294729498057
1950-10,-2.8505005058902926,22.575071442241224,0.0236591152811807
1950-11,-3.200667663949143,15.151925567002543,0.10169529149168002
1950-12,-3.732315360361989,11.66261346299135,0.007151356251703599
1951-01,-3.0999677539599038,8.215810768858582,1.3585552700390922
1951-02,-3.1359938346698355,10.094130545946964,0.3719697732998747
1951-03,-3.0706659322803094,12.452108393830848,0.4493888184770196
1951-04,-1.5504260527928941,16.429482310317944,1.2094737928003167
1951-05,-1.7491810548143423,21.411681765104618,0.14527158966379006
1951-06,-2.0442164883262093,25.051338878883556,0.0
1951-07,-1.3189974835023484,30.02668905399243,1.4200483623241713
1951-08,0.5600355356445013,27.725230190314203,3.8674958695461745
1951-09,-0.10625640496244282,25.89012283882416,0.36798769927468195
1951-10,1.416814837954183,19.92647470531557,1.1049239104114286
1951-11,1.4629802664711113,12.375686421953521,0.8731999330433268
1951-12,1.386993749033441,8.370983499874553,1.1696045826144486
1952-01,1.385616397647367,8.317232300318503,1.0999771808764063
1952-02,0.8819489842231449,9.173505688752918,0.2449699628323862
1952-03,1.9252168204675204,9.538334294622867,2.0419073552325258
1952-04,2.831385788019558,16.521135459298673,1.1890004383727397
1952-05,2.512729284375158,22.941644488920964,0.038826212962966775
1952-06,2.708675415691526,26.137588273014046,0.5345084459445263
1952-07,1.1879182780695583,28.779954734561134,1.3194887347221653
1952-08,-0.20816553094258064,28.850135925298634,1.528309827679444
1952-09,-0.7298421203038528,26.68813811258371,0.5286796297473193
1952-10,-1.4970637722306683,22.12112121119642,0.0
1952-11,0.9498655255190906,11.156530070839747,1.905529192544871
1952-12,0.5333990028938314,7.885490350868199,0.7743411423909216
1953-01,-0.08898760147900012,10.359988375054014,0.16261571506176356
1953-02,-0.14154627658775698,9.374738104764853,0.7280339971445319
1953-03,-0.017759516978803375,13.440765832187415,1.010660218576168
1953-04,-0.06086987888729106,16.344396183830032,0.2007547048266687
1953-05,-0.23225040711728784,18.496654417744804,0.06579161011667216
1953-06,-0.3845258112762587,26.641419327008318,0.11100946595953357
1953-07,0.6991081039891222,29.49965671240661,2.4320292646495654
1953-08,-0.9421993885246246,28.30571399591357,0.9137195635757818
1953-09,-1.8115716559285953,26.157513934463893,0.004542215120819848
1953-10,-2.241644279471068,19.494630676366583,0.056627415295646466
1953-11,-2.529180450509667,14.090612860648374,0.16888526842275003
1953-12,-2.807851684434273,7.230809517150547,0.13448444968830425
1954-01,-2.6272310399624472,9.139814865856756,0.9411145859599336
1954-02,-3.0275619563052576,13.460871671323579,0.4166424984930753
1954-03,-1.821739820121626,12.45555877239837,1.9129984227605084
1954-04,-2.0329488778211022,19.456051443364576,0.006412573965952534
1954-05,-2.15054114833588,22.44904400103067,0.3330936801304617
1954-06,-2.048584492089618,26.02690400444634,0.4189006043349171
1954-07,-1.152602702533312,29.408991259082345,2.309027570760014
1954-08,-0.9153577394153759,27.01528362054273,2.0022150491856276
1954-09,-0.9241773310477736,26.389546874249657,1.0275111468224654
1954-10,-1.617053704770536,21.021036336416536,0.20411866033142118
1954-11,-2.1191312100497317,14.830923969277377,0.029097701695272756
1954-12,-2.573405122436941,9.418378966134785,0.09264351123694554
1955-01,-0.3139198828633786,6.465146272550868,1.9881671317685738
1955-02,-0.8871668340932187,7.7240185035788205,0.20418886563383118
1955-03,-1.2431384325854902,13.039439296159369,0.0752842953922997
1955-04,-1.4909091881382306,15.844506701061214,0.047326313612384284
1955-05,-1.5987901756185754,20.606841478673623,0.039601855637696914
1955-06,-0.814413938682797,25.800956639760834,0.35408588130967994
1955-07,1.6959095412075902,27.418302517030813,3.0901302198304665
1955-08,2.6945176729959104,26.949576050464675,3.0626450375608187
1955-09,-0.8517054515701279,25.499335076753823,0.08241280658024192
1955-10,-1.274774007032129,21.436345236320953,0.32565768032279047
1955-11,-1.5755216180038671,12.858147767978636,0.1839246260564832
1955-12,-1.9825313822519592,10.713681820589748,0.3859918184539743
1956-01,-2.1915488875600535,10.813719049944718,0.720883664682305
1956-02,-2.1350571869109336,7.625343561298597,0.6152737750736158
1956-03,-2.6721014465503425,13.725006199235281,0.0
1956-04,-2.8465720382315034,16.187867954388153,0.21161031738919264
1956-05,-3.1998937000382623,22.462972635473662,0.03998996464676361
1956-06,-3.3364858344817088,28.220761175354927,0.21666067101600894
1956-07,-2.993638105066103,28.418702853763733,1.561276123318824
1956-08,-3.505559746155023,27.210326732872073,0.7961977279232223
1956-09,-4.1270383911010295,27.269384918120252,0.06972134064034873
1956-10,-4.016036426977836,19.26791446753835,0.3917868577483562
1956-11,-4.07648272917091,11.639811033824449,0.008149250819073355
1956-12,-4.269185649967817,8.969633470508033,0.15348042616329552
1957-01,-2.686915303343927,9.661852112137844,2.1959742674880314
1957-02,-2.926224927763445,14.057460875835071,0.468212964061125
1957-03,-2.7619716230935696,13.491875046561878,0.8175457534494093
1957-04,-2.678468393994603,16.28905174669607,0.2344099167182179
1957-05,-2.318915885033931,19.527999089942064,0.4403017609623601
1957-06,-2.1200472264600845,27.647218812891275,0.29357143160831267
1957-07,-1.9392448547502443,29.856501574635242,1.5485503571682253
1957-08,-1.6964152359198812,27.8210586468647,1.9194747444321865
1957-09,-2.3943052232470374,25.368060565040853,0.06304914046765979
1957-10,1.5468534181442675,18.294328394545417,2.176292639153012
1957-11,0.4760906978320413,10.585243173925353,0.39438666961659774
1957-12,-0.08186191416494995,10.158604585034816,0.3816099166908381
1958-01,-0.7696987373269368,8.640079713711744,0.061959935521016
1958-02,0.2624397377984311,11.567810431481465,1.6635582051980158
1958-03,1.304376509203712,10.540364120009562,2.0359531459358386
1958-04,1.8586337913749453,16.2013795474086,0.8161434345855508
1958-05,1.256436153113595,24.243810974019308,0.12098819447196064
1958-06,1.2268180457494942,27.804858127878116,0.3666066034753058
1958-07,0.906596199991687,29.490048790452093,1.345089170232181
1958-08,0.8375450383722965,28.577636273678472,1.9387204056958183
1958-09,1.7851948050617723,25.525696047995382,1.9201099858859707
1958-10,1.3372246684666398,20.427395697133452,0.8324505681668423
1958-11,-0.17284866696229242,12.837166228725472,0.5604311923951748
1958-12,-0.9755902788409035,11.080967094389791,0.004395692052406305
1959-01,-1.6550474218881939,10.040689587694658,0.13231992640518386
1959-02,-1.5298304287671347,9.488369460252706,1.0129878317217995
1959-03,-2.1041081563389272,13.605280057246777,0.005300704396825346
1959-04,-2.6681950175656732,19.25223974320193,0.13670359763403347
1959-05,-3.020331246288407,20.95205543806535,0.011983594600502011
1959-06,-3.1906364364727304,28.5552948010746,0.248604632499624
1959-07,-1.5837374234161616,30.088599638203434,1.8030377033842018
1959-08,1.1892219908606654,27.181720985789894,2.9444250601517887
1959-09,0.22473986909006266,24.77582170622024,0.15330797166352247
1959-10,1.1454898151719553,19.709336080599062,1.812557450628913
1959-11,0.9617892983129998,13.151809739430778,0.5792695682698294
1959-12,1.8332000748187705,9.36467010166307,2.4917839129029287
1960-01,2.475053341851729,6.295684597611696,1.7085184638724815
1960-02,0.1973270460098394,7.894110577166257,0.47172096741084585
1960-03,-0.0852388316334368,14.883389386718116,0.3508551627706663
1960-04,-0.056406346610946484,17.73092151269001,0.02422296439962122
1960-05,0.4144443957392395,21.419671592754415,0.15189030823403527
1960-06,0.25550250070978264,28.515668128001785,0.06060266677108818
1960-07,-0.5552980967443188,29.666558764501232,1.0630030558000871
1960-08,-1.0073503826284824,28.68156282313379,1.3132327962878005
1960-09,-0.956664089483307,26.46696941444077,0.8562185934905372
1960-10,-0.5915275294627123,18.702047085720544,1.163530445821496
1960-11,-0.9931611764624191,13.480117036724085,0.14554259131307748
1960-12,-1.231890710160236,8.012385054463264,0.47985470594975455
1961-01,-1.3767065360638042,9.71631022847364,0.6970749317904493
1961-02,-1.9304349900098816,11.007383170509687,0.0749429177351403
1961-03,-2.1172245996627765,13.064195806249378,0.5473471252839165
1961-04,-2.570046835904846,17.634382307327467,0.024364716850294496
1961-05,-2.9126948691283845,21.34248295968299,0.0018100246888380826
1961-06,-3.0838751814002885,28.194010386313725,0.2039078610766447
1961-07,-1.8547896168881146,29.47019805390553,1.4927195681877103
1961-08,-0.022264380547247553,27.624252206087302,2.5165744562497214
1961-09,-0.2936306734206656,23.87448377584314,0.9160099929086262
1961-10,-0.27663299364459815,18.68167865070556,0.7022843410944164
1961-11,-0.2605447920872075,11.200577408806534,0.5435767352688432
1961-12,0.6836004744848152,8.476220154307008,1.709071756476235
1962-01,1.1214889430201203,7.8813066055659355,1.440846721255537
1962-02,0.16488612144879167,11.006785292652863,0.7148385783117339
1962-03,0.4409428468839509,10.316877255286462,0.6455258979499308
1962-04,-0.12185728949218902,19.555270534068242,0.03023449238953816
1962-05,-0.1639205978373912,20.45310287813616,0.008322918056785677
1962-06,-0.01347853687019504,25.681678650705557,0.2429289557489725
1962-07,-0.4177262332075151,28.780138642531867,1.2579677265480267
1962-08,-1.5950885693084351,29.646119895363242,0.5014826909005723
1962-09,-0.33710297367458564,26.037797708516166,1.728990295299163
1962-10,-1.0424407862367369,19.876067097380268,0.36906570920383597
1962-11,-1.274365000445479,14.978906123656596,0.4766163368627749
1962-12,-1.1959629756325676,10.358377069398136,1.058847682216312
1963-01,-1.2454663032414746,7.109899787465332,0.6028168729868415
1963-02,-1.182238220089789,12.973192012582702,1.1994798236178748
1963-03,-1.2413185508070779,12.672523303437025,0.5003383584206719
1963-04,-1.2823071345973616,15.759041377454814,0.3023835416973137
1963-05,-1.7233529437249178,23.11199691958311,0.0034906797079872634
1963-06,-1.995587372834406,24.805997902182224,0.029441065417645088
1963-07,-2.548749806157507,29.90014173136479,0.9043595541476989
1963-08,-0.19302752194541994,27.12709556442511,3.3160677125975293
1963-09,0.14149647757796163,26.34780412556533,0.9329444396965992
1963-10,0.312097740453565,21.168266180567247,0.9303766223832433
1963-11,0.6575621130121914,13.330923969277377,1.1601549557808701
1963-12,-0.8738642142413939,8.844197938065742,0.12659628334167045
1964-01,-1.247767168041061,6.382477435525244,0.22652231508624873
1964-02,-1.6227305433119712,7.272612783917115,0.08994225533122877
1964-03,-1.5268400177033894,10.81841736632348,0.7507128586709091
1964-04,-1.6419995093377033,15.621467818495956,0.30674594454108267
1964-05,-2.0438370937553554,20.985435245989883,0.007151356251703599
1964-06,-2.308880827294235,25.69001508565488,0.09464406963178411
1964-07,0.20068659408405448,29.5589570717316,2.0629549853788105
1964-08,0.4587101514634785,27.195191017393892,2.1293064392581718
1964-09,1.2055938048129446,24.154383713240907,1.954889836448434
1964-10,0.0801957317007871,21.202486800921267,0.5718876003982799
1964-11,0.5317510247246275,11.02339310779659,0.6967905804649698
1964-12,0.1702440704463287,9.057193674256048,0.7659990439910291
1965-01,0.30708182191893896,9.723695389617761,1.2753905832898096
1965-02,0.5963685239137744,9.466668200589996,1.1807681045513108
1965-03,0.6377264514040515,11.302744291070717,0.7031247549922001
1965-04,1.2071767665329618,16.232342065870828,0.8496683511350706
1965-05,0.8682566804920464,19.844664863717323,0.13699219849858613
1965-06,0.9038256112895929,23.52087817376042,0.24354834843554668
1965-07,0.9337643354118188,28.986098952269508,1.6375015736986467
1965-08,0.2494660533411983,28.414472941344815,1.1756048146617095
1965-09,0.21042468985508567,23.7623305350018,0.9157495313798167
1965-10,-0.43002322722553754,20.56415720144947,0.14342329755811034
1965-11,-0.026472006776295465,14.944608280530723,1.0755319657286342
1965-12,2.8889614844779445,9.12454360564518,4.66182198810113
1966-01,2.959763704502611,6.819469412094487,0.9028986637149159
1966-02,3.415095229597993,7.513905504194121,1.4535857532089644
1966-03,2.5565018003548423,13.757169010083853,0.20496865469051154
1966-04,2.7347310569829975,17.893102459707777,0.052987549398545566
1966-05,3.3577586755307713,22.983734618572715,0.012419243603774005
1966-06,3.4133666755448573,26.64421877020563,0.2826386668103689
1966-07,3.0683271885439023,29.656766229935606,1.531651907468528
1966-08,2.4916486598921166,28.357163802606603,2.145732564570663
1966-09,3.190820221446592,25.026350713650015,1.955598404723726
1966-10,-0.18895763438947272,18.89508611797783,0.4382051874398337
1966-11,-0.4655837843868168,14.261941592617935,0.5784694851764889
1966-12,-0.807878657977075,8.933921862850191,0.5087765339081598
1967-01,-1.2964022215887354,8.287523030008098,0.2089858424413766
1967-02,-1.9098771537803616,11.224082853693362,0.12456586920407593
1967-03,-2.3666013879607943,14.616258648153083,0.44507037783451503
1967-04,-2.3447165238600007,14.59171856682525,0.3341386587037834
1967-05,-2.4813403697815977,20.808626310066117,0.2461145507193418
1967-06,-2.4606537993317144,25.11616100357921,0.3174757911173072
1967-07,0.7866429407367447,29.17487701645267,2.4563065364979306
1967-08,0.5101981832898814,28.17060241522537,1.7509125919448993
1967-09,0.8429315681806245,25.020232548730803,1.368208076807832
1967-10,0.3787128200938744,20.248027309140532,0.3683626485784154
1967-11,0.49310625520089396,14.97907107496155,0.930037644721996
1967-12,2.372571019140983,6.737934265364495,3.8543819170637046
1968-01,1.7781241469552371,8.732086258640853,0.4447983760591009
1968-02,1.768217183365349,12.902682397543547,1.1550569615456034
1968-03,1.9895490730661596,12.981455830460362,1.1770289648663024
1968-04,2.1926942984468156,15.777715269061108,0.24518285238135948
1968-05,2.666199153064933,21.190494883963773,0.019692159403881276
1968-06,2.8675031157326063,26.823753758587163,0.045923300911373234
1968-07,3.1897226776726373,28.177024147719404,1.8690649144137725
1968-08,3.009468391319876,26.037523718288295,2.0418831513305364
1968-09,-0.6866779094936475,24.830049747468642,0.09765825503975917
1968-10,-0.9927727961905011,19.710008929251583,0.32477378608319823
1968-11,-0.767365489023341,12.771138501302907,0.8587202446959246
1968-12,-0.690145368313329,7.223276814031475,0.9630311202341967
1969-01,-0.5935196189297574,10.759303268693262,1.1064156571805925
1969-02,-0.5731821874472746,9.490242601291563,0.7504392658313478
1969-03,-0.5702549264187667,11.101002499402945,0.47269956674516295
1969-04,-0.7883744404331032,17.458742723054744,0.07595917841227198
1969-05,-0.730488372646861,22.403300641346913,0.4976608661683475
1969-06,-1.07154847243314,25.430377671741113,0.0036070356982535056
1969-07,-1.0674938779320757,29.60613681387004,1.5270209689369392
1969-08,-1.3819482675192365,30.03927955344712,1.7441989949373087
1969-09,-1.0812130898573549,26.290703148632172,1.0023283943633683
1969-10,-1.2790741511255472,17.925151796708615,0.33820074948152107
1969-11,-0.674699189659905,13.129633991799746,1.1765331569675057
1969-12,-1.0312487965738624,9.883852595257313,0.6782526098796979
1970-01,-1.573311445892819,8.22687325626567,0.05476103927510712
1970-02,-1.9640924595053177,11.958147097174082,0.45996170256528546
1970-03,-1.0400379140584404,11.891727299975717,1.81078017154201
1970-04,-0.8595653322526993,14.396285636696271,0.21214352363283268
1970-05,-1.3311452929502434,22.3372978855711,0.02822480416931608
1970-06,-1.6128450176131808,26.9451206128031,0.15954683350573706
1970-07,-1.912497225066873,30.104657220915254,1.1810133568736987
1970-08,-1.7529187262231938,28.77076155616059,1.8381731967865889
1970-09,0.04582190384726048,24.091047970148892,2.072809024173216
1970-10,-0.6876451206779994,17.14046717778735,0.3646935160713158
1970-11,-1.145025450582878,13.465919722393803,0.1036553891309412
1970-12,-1.4069890580640914,9.079496643807895,0.5011467142170665
1971-01,-1.9099686666566855,8.636960113169907,0.1513080927588899
1971-02,-2.150652009702438,10.289377988049063,0.49929018540396675
1971-03,-2.7902310637936485,13.909369682532937,0.033137974900478
1971-04,-2.914163179008198,15.994906144902732,0.23977187591304613
1971-05,-3.1287159694341433,19.555621747067974,0.04885501098899755
1971-06,-3.4409308147020288,26.08318005407933,0.01990553733640021
1971-07,-3.661430516416191,30.182294711560264,1.1267428806641018
1971-08,0.7663361608005135,27.06052368857911,3.240723808827481
1971-09,1.1274810543527178,25.1250180936135,1.473148976118477
1971-10,1.4798410618190694,16.641781819437178,1.4452072352800245
1971-11,0.4910515960033155,12.27952641370946,0.33991917005600863
1971-12,0.5421091682052639,7.155265428338869,1.1075106414875473
1972-01,-0.9268009945924514,8.423950026014014,0.01137705146838083
1972-02,-1.6447132881952373,11.739035434868686,0.0009674269888617338
1972-03,-2.7114917408688095,17.35113571994453,0.006981359415974527
1972-04,-3.137846537624519,17.6507743983494,0.0009351794225663427
1972-05,-3.2449946000935737,21.477322802119474,0.1795960571649817
1972-06,-1.5927050250737547,26.516664090615368,0.7220807926739441
1972-07,-2.164666173845462,30.11150119025248,1.1153183931246062
1972-08,-2.1308546516223412,27.639333487491715,1.592421399547121
1972-09,-2.140935978176567,24.913384644497942,0.7781801928000985
1972-10,2.409650189581402,18.505429089586585,3.3117613609274263
1972-11,2.730084642658369,10.353814126977383,1.078636868942694
1972-12,2.5897916339067173,7.833431340996802,1.0263039284427569
1973-01,2.1001271719812094,7.080200433195706,0.33932250528584496
1973-02,2.71956905608352,9.933535877082862,2.002237768668134
1973-03,3.7939410520762014,9.69600838237731,2.236930755479591
1973-04,3.899149702005726,14.991221859215525,0.09821975069828277
1973-05,4.5668940084631275,22.158130699959,0.427266840939252
1973-06,5.153940154975239,26.746437903594934,0.342442463306626
1973-07,2.979480101384623,28.927133101254626,1.4467341101152793
1973-08,-0.9659745621718816,28.467801904057662,0.8029270423280844
1973-09,-1.7320002375261043,24.920233924175744,0.037181199802021433
1973-10,-2.2349291666606677,19.852130204249836,0.004395692052406305
1973-11,-1.9542543036957019,12.877434694795598,0.7437280694475307
1973-12,-2.4814838296082344,9.579768280311727,0.006205716741244388
1974-01,-2.1207970767336093,8.737180476827724,1.2162971597270034
1974-02,-2.4434619962146287,9.599594045211546,0.052380387491431604
1974-03,-2.522496545355042,14.215687378970074,0.7380922403987786
1974-04,-2.8661184332438925,17.003885851157637,0.06264868901314093
1974-05,-3.2164707206866145,22.15681162338435,0.014867731176368096
1974-06,-3.578912233318401,29.006759560510268,0.030726644431160733
1974-07,-2.68214591833536,28.39755565856523,2.114222191826702
1974-08,-2.7660531234148893,27.470297176787664,1.3523174598293985
1974-09,-2.28410655387633,25.236458402694144,1.2982369519457948
1974-10,-0.6652638517876224,19.67439721814377,1.9552744951899856
1974-11,-1.0172780982206424,12.75470024316433,0.2918873263872912
1974-12,-1.2235049909297522,7.121779708883354,0.4439694392511618
1975-01,-1.5030179797826848,8.397258981387145,0.4076949845312129
1975-02,-1.7068800522575993,9.309489137525802,0.48469088652443737
1975-03,-1.2980023506724185,11.776724616788101,1.1065239256942896
1975-04,-0.8620179371487529,13.388995163509485,0.653702843734974
1975-05,-1.2084457072131691,19.914963360334866,0.02404722429024741
1975-06,-1.5528412089593355,25.653465678039566,0.0036070356982535056
1975-07,-1.232006513786611,28.821234287878312,1.7305841031420541
1975-08,-2.435603780979814,28.38790911863877,0.504478774079536
1975-09,-1.8238198876062612,25.255260220861622,1.43450534784215
1975-10,-2.11785991529913,18.899138206434476,0.14764895740772735
1975-11,-1.795840601272495,12.804459269453467,0.8345997235561273
1975-12,-1.8186882038528327,9.191920042844796,0.7479346260338161
1976-01,-2.2294693543545834,8.960550035670785,0.16433018639921398
1976-02,-1.5366002298570658,12.077581770577202,1.338539114756154
1976-03,-1.7383045987306218,12.37671567902643,0.36966061177161436
1976-04,-1.4257671779404921,15.904613804688475,0.8228625828515561
1976-05,-1.4104077438392597,22.030142389176483,0.4978997187688448
1976-06,-1.7017100484548613,26.540560126969726,0.06915236904468042
1976-07,-1.077538879257279,28.409338640049764,1.9365027052660855
1976-08,-2.0242989670974554,27.697796751499613,0.689653692241953
1976-09,-0.5788131160735019,23.879912502340122,2.065632586819523
1976-10,-0.4851908278582088,17.882795239145725,0.792984838788014
1976-11,-0.6106340117416669,13.127433904767527,0.45317485020549725
1976-12,-1.3103229973992199,8.826870402512462,0.37359672784996506
1977-01,-0.9750634897512414,8.483065601952498,1.2955368539944603
1977-02,-1.5410269150517686,11.56393321037055,0.07490757801011602
1977-03,-1.6387484916237125,11.046564818041205,0.467014330388642
1977-04,-1.9223897096836304,17.476877776578178,0.2549796357809419
1977-05,-2.0398460629058714,19.39564088708242,0.14468837297243395
1977-06,-2.218481612592906,27.433883258050287,0.2064979416296711
1977-07,-2.1905329142471635,29.57118507875743,1.4893482508130298
1977-08,-2.0320833241252716,28.87942887199892,1.582925562857082
1977-09,-0.9231554436730705,25.805181241839172,1.228657646635848
1977-10,-0.3800918233670818,20.922586863523506,1.3273238360830584
1977-11,-0.8303392229126172,14.373329650573453,0.22316679997484667
1977-12,-1.0001676006969233,11.548266923766638,0.8655775192731316
1978-01,1.141338967193413,9.618563942075914,2.4526427093066445
1978-02,2.034354655325303,10.441970730273953,2.285783367293292
1978-03,2.8079053695887075,14.58918622345908,2.1264866938154823
1978-04,3.027937197848142,16.400277980738572,0.2794142176777297
1978-05,3.7679761041777957,21.093248057181107,0.3304517653582829
1978-06,4.1447606690063,27.870325002187617,0.18276194780887703
1978-07,3.3446739224339264,29.78161823548665,1.2006061678501951
1978-08,2.635359273297985,27.806983244114647,1.365815301785801
1978-09,1.8249555081107671,25.13112114707127,0.4480461708066038
1978-10,2.264660420577796,21.290924183094546,1.488380446963022
1978-11,3.4251702379458795,12.937102856890029,2.4262311100086555
1978-12,4.464899987508786,7.292795072157247,2.891569873144757
1979-01,5.832831355241133,6.610397768772119,2.8755497556806886
1979-02,5.267178687086313,9.841493785718262,0.5231132665449466
1979-03,5.575057732104481,12.093017277453349,1.5946161502733591
1979-04,5.6707428952279955,16.783627625899296,0.12372862679279369
1979-05,7.029246884764707,20.886809427442845,0.6199606665948456
1979-06,7.990180951433441,26.686238465734384,0.3601001418350939
1979-07,3.223236371541292,29.174625041255,1.0439409568664386
1979-08,2.8900971574779324,26.79914331216384,1.653726027873248
1979-09,1.7518839763958405,27.163166652039795,0.19168478639075065
1979-10,0.982611895005325,20.785335815633193,0.1929149768446237
1979-11,0.571937062779929,11.490577109601668,0.21697120544797427
1979-12,-0.03377959126173846,10.33224687788433,0.36501656633427587
1980-01,0.5827570672548189,10.221228101006513,1.7912314317896187
1980-02,1.8279266440908155,12.13772825267226,2.9909850522773773
1980-03,2.088397438060631,12.08479814838406,1.0839768779477066
1980-04,2.277471859445986,16.6876454416175,0.30057061378549477
1980-05,1.7898015293664404,19.636372754246356,0.12094978776496818
1980-06,1.8393362923040248,27.27794840251291,0.10024648118700405
1980-07,-0.5287224183527398,30.451297817496272,1.1389740910074566
1980-08,-0.9749184732802778,28.150219629244805,1.3125744013530847
1980-09,-1.228923318186983,25.719867292240036,0.7086298107084045
1980-10,-1.5829371629404996,19.470683162555,0.21546626590090134
1980-11,-1.96089021103277,13.579009181434381,0.07712595646683372
1980-12,-2.5096582965520695,12.072492158090524,0.22781296258700034
1981-01,-2.5924503342181753,11.029144948254633,0.8069578231757568
1981-02,-2.677615595924202,12.066342937516104,0.7918401370108363
1981-03,-1.943985230325532,12.609620486896883,1.6114714708227347
1981-04,-1.9391447343847987,18.857225900744982,0.3270146953287411
1981-05,-1.9875628394857099,21.52778266117988,0.34302592553155853
1981-06,-2.116920380135678,28.7998577222328,0.30908146244318135
1981-07,-1.730668706497784,29.591324212352927,1.8683126301348125
1981-08,-2.22285696109964,29.082562413168464,1.1096552610829524
1981-09,-2.261498769884842,25.95501835425935,0.803681925638839
1981-10,-2.013868581724922,18.43508590416065,0.701454947167364
1981-11,-1.7127119984248003,14.607057907435793,0.9572650135983054
1981-12,-2.3330085793221005,10.833221700883474,0.00801574143008247
1982-01,-0.9240873378207421,8.873269132491224,1.3406549171801894
1982-02,-0.9392629174260715,11.48733028713902,0.9167938640357145
1982-03,0.005992341951129854,12.733880698599581,1.4689326874547286
1982-04,-0.20396121923910004,17.257006241727538,0.0579808623589706
1982-05,-0.049790534326036195,21.035177567589393,0.5803677262177354
1982-06,-0.37787089868445345,25.32479441000913,0.03981107467280042
1982-07,-0.39245049796545783,28.581858623780654,1.4389262877440998
1982-08,0.03293281355681399,28.456616026762067,2.2212514427108156
1982-09,0.2603945844262341,25.367860840968294,1.337854605719964
1982-10,-0.33231038735350216,18.181730128162783,0.014561451842785005
1982-11,1.0760536627187718,12.498362607478713,1.6766565637296074
1982-12,1.9734828824524042,8.261123453966622,2.360675287353924
1983-01,2.1741506856617674,9.420004622756247,1.2617977177779172
1983-02,2.517727494164511,10.477079149734388,1.4894450844923017
1983-03,3.8352794462850834,12.28055036044179,2.63916668493516
1983-04,4.135551735280053,14.042067704043259,0.33231828088098886
1983-05,5.133325371131946,21.132968542795492,0.02744916149458594
1983-06,5.555854406143636,25.42883372867179,0.008149250819073355
1983-07,5.019822530799416,29.16787488445934,1.5358709519617808
1983-08,5.457736526547199,27.75329935128967,2.7603686914181758
1983-09,6.741008992206272,26.954643762841073,3.174335839498957
1983-10,6.658080961777019,19.559330184841624,2.1762026831726473
1983-11,6.363385345988107,12.724509696236765,1.0839430137885961
1983-12,5.9388274140644555,10.006943455308964,1.3312182794693463
1984-01,4.724915843290199,9.428977540362306,0.6147419522295156
1984-02,3.681730438775558,10.313380709602306,0.006633697206157794
1984-03,2.5690138103584426,14.128304999184328,0.03658802744242509
1984-04,2.4884785837748984,16.22845953441934,0.673877848530836
1984-05,2.0518982407744453,24.557143675107096,0.13115538135135754
1984-06,1.9503557468308437,26.44007108342461,0.4782748872118298
1984-07,3.8565101712693552,28.261833327362908,3.1110728852868426
1984-08,4.215338209872002,27.333271598284554,2.6631055781534996
1984-09,4.4254255365418125,25.91046554169655,1.793891315197625
1984-10,4.211624705328113,17.268951991568382,0.934215129836624
1984-11,3.9321472886734044,12.50635922377735,0.8158017813358044
1984-12,5.060743434456366,8.802538482989696,3.236908231249428
1985-01,4.981329254456226,8.187703003083197,1.2391200980676431
1985-02,4.7867021194505766,9.484271204679418,1.0367625456191618
1985-03,4.31322790187467,12.95150520563345,0.5666874658497665
1985-04,4.532426186820107,18.681078419124695,0.5914806854570739
1985-05,4.734362247773987,22.397065170547673,0.03194921629321144
1985-06,4.476613433934721,27.79246960447215,0.08915767742684573
1985-07,3.984916984582374,29.613419020099702,1.5629405846946636
1985-08,2.966445343071122,28.5038351473683,1.1833758875646503
1985-09,3.5696051932204167,22.973653742813617,1.9247113213731433
1985-10,3.9576748136382367,19.014403485500907,1.4718098312282606
1985-11,4.55139739315627,12.269559011798089,1.8171367770869749
1985-12,1.8754069912963491,9.488768318677355,0.4726285256529815
1986-01,0.9447333343445271,11.983235158957655,0.16649794153803774
1986-02,1.0560854944213902,12.013734468880696,1.4244725118588593
1986-03,1.1135771413214135,15.585573076535262,1.4495227297090858
1986-04,0.6706489143776176,18.179766131198896,0.08465929811671562
1986-05,0.19013345643138768,22.370325002187613,0.14758879887691945
1986-06,-0.08296913347674584,27.808528665492247,0.29195688277115955
1986-07,0.879109589375598,27.850213148070495,1.7661759573762017
1986-08,0.9764741364051527,28.984542136542863,2.305190215642536
1986-09,0.7393659911389133,23.3470345077547,0.6723317611660286
1986-10,0.9761236072745205,18.213782421780152,0.9614008879859597
1986-11,0.9988668748342349,13.257058492852659,0.8748190199918564
1986-12,1.0779102668242395,9.06744262871203,1.426041452631225
1987-01,0.863666344877948,8.245013620129685,0.7104515836383347
1987-02,1.221064103862887,10.289110786470038,1.5705270233871693
1987-03,0.6667326323158189,12.06809416697473,0.42770281189224085
1987-04,0.6180676657500145,19.127331654493453,0.37395871851092294
1987-05,0.8276809467660845,21.531845973210185,0.42031961979129556
1987-06,0.8147722176221774,27.479524367459966,0.1966511063665191
1987-07,-0.8919849372099531,28.15417938346815,0.8789522735520826
1987-08,-0.8429525576270033,27.71838238894467,1.800076555728615
1987-09,-0.9121858825796869,24.75563941798011,0.8286082089888883
1987-10,-0.17755995143553738,21.71499410851554,0.7800344151331347
1987-11,0.01647855983644833,12.641349666553197,0.8905269543225376
1987-12,0.6293815756458454,7.65082439749835,1.521689621466505
1988-01,0.6605847671779103,8.506897288192318,0.9474943480065909
1988-02,-0.24170230783674326,12.1397648667078,0.5973232845640437
1988-03,-0.7502217819076992,13.759030756773656,0.14412334411902808
1988-04,0.41217156850611736,17.115278514813355,1.3667695218021325
1988-05,0.15297234601399348,21.888236064632135,0.011506421138069734
1988-06,0.006956808792629471,27.501121193899962,0.1947680901214463
1988-07,0.08602869016870132,29.599883160072903,1.6963472274577043
1988-08,1.351623965357426,27.933655434939055,3.0532653669532914
1988-09,0.10005613136347608,24.5155576107706,0.5189014131453519
1988-10,0.47495445844922113,22.092482169654925,1.3507962914075524
1988-11,-0.3742379739014855,13.360938170550945,0.567537864363243
1988-12,-0.8961547070552671,8.759428136890035,0.2143187098030782
1989-01,-0.5384302835849968,8.196694103687147,1.335476799968559
1989-02,-1.0568692376488258,11.801341147219905,0.15843789231416344
1989-03,-1.5365552051925286,16.224679957882294,0.7041697327495992
1989-04,-2.358976654722911,20.95320956333504,0.006412573965952534
1989-05,-2.6890741984543887,22.83301353907842,0.1387729831920404
1989-06,-3.0299370991806924,27.244032008481685,0.03396747230251619
1989-07,-2.9664670879267745,30.20014821253909,1.411581956530717
1989-08,-3.214144094824652,27.996387989833675,1.1928770908267274
1989-09,-3.6459934115771264,26.137467135101705,0.2605069277349487
1989-10,-3.0253482339573874,19.653623840695676,1.0363506449046134
1989-11,-3.290564301956713,14.053035674268415,0.08561258024957999
1989-12,-3.4348809867056973,9.225451224776577,0.36007011926115573
1990-01,-3.2657203284600085,8.623606682805564,0.7570951025726554
1990-02,-2.9498555621204527,9.311571918677986,0.9053773472913872
1990-03,-2.939914125618184,14.377371822989327,0.6156341876239848
1990-04,-3.1544240674072945,18.632587867368738,0.32270708574276946
1990-05,-3.3014342576966813,21.36522930569247,0.16047071102030155
1990-06,-3.4478317206644835,28.83597880899645,0.20638166043924688
1990-07,0.9700272112016838,28.507881925484373,2.8978352990027543
1990-08,1.43988181954447,26.73815371977072,2.41756987323899
1990-09,1.7798734787239037,25.68479677293912,1.6092785818977255
1990-10,1.1330062690013525,20.034352640289235,0.33797801155243196
1990-11,0.9703187771492148,13.914097576258643,0.7352960291347771
1990-12,1.3016398723492204,7.696805325558718,1.597730129917496
1991-01,1.260379891575162,8.809167501873011,0.9544235314921636
1991-02,1.090332089755028,13.22353487323762,1.067637355541507
1991-03,2.5044104091315607,10.864875136076202,2.4476280028817485
1991-04,2.2329292620241956,16.359727962123834,0.0
1991-05,2.184078086326533,20.62941678936967,0.020508429244651585
1991-06,2.248618591541093,24.850212374402606,0.13403795741122612
1991-07,0.611736739880057,28.688764089479214,0.7698597143665598
1991-08,0.20099624777209235,28.39924636994163,1.5107053512508442
1991-09,0.06810969806854672,25.2142168266403,0.8970556404913325
1991-10,0.23953550735992124,21.136307699491436,0.5632881144236076
1991-11,0.5690315694491487,12.795679287271119,0.9915441517902718
1991-12,1.0870445380918445,9.469981556115835,1.9618193647424893
1992-01,1.5433871883187715,8.413268043258284,1.3207578455426672
1992-02,2.156567133815061,11.766751904536157,1.8932485540334056
1992-03,3.3267951517643746,13.030893221096711,2.381034814623722
1992-04,3.8974862925207843,19.054287444111974,0.4097182314271247
1992-05,5.4078384182243475,22.309224892563318,1.0225713701820855
1992-06,5.81577634246754,26.1402052865489,0.18574374399501287
1992-07,5.420385138644933,28.348615475567794,1.5877366540352602
1992-08,5.766630874869623,27.800828713199646,2.92677036638867
1992-09,4.568365244238082,26.181393266128637,0.37543429650607507
1992-10,3.6764641753849894,20.81881622474813,0.33778627501599684
1992-11,2.9041823397570923,11.123209302689187,0.07777948539383511
1992-12,4.053218655470228,8.134293805126479,3.1311845429505563
1993-01,6.450228898978121,10.145860357848836,4.590429153747772
1993-02,7.19136164895013,10.20841125674887,2.536323471760101
1993-03,6.860155163792857,14.087804275078168,0.9668613071871591
1993-04,6.984730023695949,18.030939388213355,0.007347753388518877
1993-05,8.136570879610657,22.917720468447847,0.28896608350417574
1993-06,7.840829221421908,26.769238854453572,0.033574164103767935
1993-07,4.786007102905856,28.31662753206495,0.5458227543100083
1993-08,5.043088117054455,28.015883852123583,2.8117656703443186
1993-09,1.4768050519735407,25.2320226821942,0.35184457123600166
1993-10,1.3317172256494274,19.73432189210857,0.7936873449041948
1993-11,2.058890058415665,12.165567338560347,1.6741791942587418
1993-12,-0.28032169830241876,9.242111222017913,0.2186894988551054
1994-01,-0.8849653573743632,9.73010041742216,0.15597724710012437
1994-02,-0.6787706305533002,10.00793793961428,1.2714185620918814
1994-03,-0.5890269054813476,14.668076962255931,1.0766199805690986
1994-04,-0.855906151769465,17.926358877743795,0.2601095197292448
1994-05,-0.818978221416671,21.384509443860587,0.4535447373918575
1994-06,-1.1086971430809025,29.20304835867469,0.19121639513675145
1994-07,-1.7291780426506556,29.916285564301443,0.8451548894371721
1994-08,-2.1294631821585277,30.089149096967454,1.3907697096821066
1994-09,0.03162811314886079,26.344339396032222,1.279559342928626
1994-10,-0.06330361362905884,18.79234473627537,0.666468784084297
1994-11,0.6494502438151117,11.25691242918598,1.3844955726580184
1994-12,1.6950648521159823,9.716097631743772,2.3910119713409745
1995-01,2.3346417408140487,9.111865262737485,1.8412011777109298
1995-02,2.365732807010519,13.560036327953474,1.3217080762987508
1995-03,2.2444475054336825,13.943450323228738,0.8673836490836361
1995-04,2.4345837071363263,15.879179135605366,0.3276453521176278
1995-05,2.8875235046757872,19.7559784629629,0.12250085508780224
1995-06,3.208354620019848,25.570298859707144,0.01740934445763309
1995-07,-0.9406500902968143,29.71126826141188,0.47772554017748925
1995-08,-1.0093255524447275,30.11225497878924,1.904431376857895
1995-09,-1.0460383529187471,26.90378652366428,1.0269702996689387
1995-10,-1.5858363396483623,20.799966761155734,0.117309631679121
1995-11,-1.7171224826761866,15.987171419842532,0.6133036045879942
1995-12,-2.217698866733956,10.501421689938313,0.17802703503699394
1996-01,-2.820868236496088,10.39813615981242,0.09882422105472022
1996-02,-2.881040431696313,13.490897266946188,1.083780529004435
1996-03,-3.322470151332059,14.347291793292944,0.2617661726876421
1996-04,-3.805119672607878,18.884883330638488,0.037314881794033306
1996-05,-4.2376951153994815,23.91584584910072,0.01389798203555929
1996-06,-4.2628937797462685,28.58159525423394,0.2972396913916306
1996-07,-3.8163290271424124,30.30714140677075,1.7695528733595993
1996-08,-3.6864809386812354,29.2070988670752,1.6445284454897895
1996-09,-2.7346783363103864,24.33462780135083,1.6576453153075483
1996-10,-2.6324428144503416,19.564975340100773,0.5741455837407815
1996-11,-2.7065856459470297,14.175051110130507,0.3931209298121749
1996-12,-3.1726644446728676,10.177511610092912,0.03571515287626709
1997-01,-2.7083290456145397,9.432704865774232,1.3616641079595055
1997-02,-2.5162129760889087,10.62995414914427,0.8913927274790182
1997-03,-3.0227439124356614,16.143158457477508,0.16841221486955946
1997-04,-3.06573711186718,16.984763875645626,0.3227726840021451
1997-05,-3.2138248328162575,24.74890814882272,0.28808496276348
1997-06,-3.3095839052891463,26.212098499052622,0.12208916467094606
1997-07,-3.8947427792683857,29.248203654794533,0.5830141901835519
1997-08,-3.6422477911277804,29.093845935037937,1.811035306173743
1997-09,-2.6475340842309856,27.403305247047108,1.2832532987773242
1997-10,-2.600386001076345,19.142836821824726,0.5019367830781454
1997-11,-2.581805085292144,13.974085895697597,0.4870785941607954
1997-12,0.5641195486696184,7.560986123450411,2.1273638188657844
1998-01,0.0890727021369242,9.918365388837087,0.31249931436505735
1998-02,2.250241182746942,8.840113315645613,3.422902074781078
1998-03,2.880302476939333,12.596691647099776,1.6364962480799596
1998-04,3.227003408189278,14.691090509844441,0.3311496484206456
1998-05,4.124048803456436,20.32117830646876,0.037469252106211375
1998-06,4.796138083947644,25.281838496281146,0.06354129250928235
1998-07,4.763104553696969,29.89650213448595,1.9284991027145122
1998-08,0.3317602735605375,29.540864353292516,1.564074933848975
1998-09,0.2198046917502145,26.599285282216076,0.9569773057570699
1998-10,-0.6158645386666535,19.470581787696702,0.48786522715748587
1998-11,-0.63612772166513,13.80780373648999,0.6642254449809234
1998-12,-1.0131120359042083,9.439904653811388,0.41650152958139264
1999-01,-1.7838341968669325,10.654661535501088,0.04807066089986206
1999-02,-2.3691708353787497,12.347033029446427,0.24265177731035584
1999-03,-2.9755727725573795,14.595228758834619,0.16528833034274026
1999-04,-2.0549439353634584,15.212956720812107,1.1277988211580598
1999-05,-2.4836143402620285,21.796627604459786,0.007110729085663429
1999-06,-2.697612000948831,26.67035575036828,0.1794112092529262
1999-07,-0.21610027353350142,28.180691728716983,3.0010794935143803
1999-08,-0.1561541556137626,28.457704323608944,2.2371058428989707
1999-09,0.015309103551995662,26.126113179109225,1.305351644570879
1999-10,-1.191519280283238,21.426862943059056,0.007151356251703599
1999-11,-1.8812182251751097,16.30512532945714,0.0
1999-12,-2.3986469174597014,9.182928942240846,0.007886371760393569
2000-01,-3.0412611574826904,11.176136450360843,0.10228430417700023
2000-02,-3.5643137825485143,12.50717736242866,0.21804190125139117
2000-03,-3.202218995710112,13.680958156628119,1.2584698846922457
2000-04,-3.6618026815869884,19.706709151023446,0.03161269919304828
2000-05,-4.180542597034216,24.83459833892381,0.0009050123444190413
2000-06,-3.6017080681418028,28.20014673423082,0.8101600165031427
2000-07,-4.336868026610966,30.03244550015067,0.5257255424885623
2000-08,-3.782654158090753,28.793277122442305,2.105512471213369
2000-09,-4.2984406147742,27.210179964565004,0.1637070325637101
2000-10,2.401123072716328,18.756403827198028,3.3542526608108703
2000-11,2.6555433125140873,9.823071164669257,1.0040019268709945
2000-12,1.7984197773032808,10.3677806615799,0.05140764328118462
2001-01,2.1678471983761094,8.210663594906212,1.5489632187666789
2001-02,2.0469484966309515,9.99007764998661,0.8287517845204079
2001-03,1.9372872662738936,13.956535847373672,0.7680779338116144
2001-04,2.15304570098374,17.361828926273915,0.967929728009891
2001-05,1.7491892353278538,24.684582527125592,0.2762290927170225
2001-06,1.6464672912489218,28.18727232850749,0.22228662858446496
2001-07,-0.14016988760123106,29.11140206737034,1.4309581197326182
2001-08,-0.5562160464958187,28.803087840005837,1.7397749703630836
2001-09,-1.221683448377514,27.308955508035652,0.37692148478387
2001-10,-1.5808332565329226,21.24363923406551,0.33734370300411476
2001-11,-2.038644893410416,15.348122804601575,0.14633922944241748
2001-12,-2.0377531612148263,8.045633205542165,0.6849082746435217
2002-01,-2.4442324929818153,9.240519633523673,0.1633218125247865
2002-02,-2.944030352876162,11.550186231922142,0.1488618379058206
2002-03,-3.378106320848106,13.347689173409323,0.15041837870732447
2002-04,-3.9419554821959277,19.794333704885993,0.06713404169599461
2002-05,-4.273105837137452,22.329778110964817,0.0018100246888380826
2002-06,-4.618415674477227,28.90988584683762,0.004542215120819848
2002-07,-4.524424848244091,30.02334388231552,1.3372560279342949
2002-08,-4.894531776492504,29.00899519397798,1.0016693219430017
2002-09,-4.317097524929544,26.56246188437289,1.2054700382345835
2002-10,-4.151496758189547,18.941702050386656,0.37615315521814946
2002-11,-4.017756721222852,14.44603108568771,0.4732307256191442
2002-12,-3.801750249204429,8.705345385640419,0.7661654748982286
2003-01,-4.208826377896826,12.773442316917473,0.29321375680907513
2003-02,-2.9938751337811595,11.031711359748021,2.4060951927006973
2003-03,-2.6382506587549663,13.504579895280063,0.7512931858171685
2003-04,-2.5663659315434257,16.478631359760836,0.13564499376527228
2003-05,-2.6681322512646495,23.09604985410247,0.061960936737226746
2003-06,-2.8853335615696203,27.413114486302373,0.0344673621214261
2003-07,-3.0694189347440846,30.987132815042628,1.2317319480807847
2003-08,-3.1998142890126715,29.3796317234634,1.4488988131749048
2003-09,-3.022776151582178,26.917970965337247,1.000656938273187
2003-10,-3.3653016925166312,22.93150682536406,0.2958082505163096
2003-11,-2.825847695573694,12.889549227973692,0.9193255451276894
2003-12,-3.031253790838046,9.634235539020406,0.3522464818647304
2004-01,-2.9893810543737995,9.878044671641849,0.782070140677914
2004-02,-2.7627369247908007,9.162273644340667,0.7951935612820716
2004-03,-2.880183706975049,17.695859260346214,0.9986991216793414
2004-04,-2.3512045775989834,17.650389890890338,1.0107980834392638
2004-05,-2.828540210994527,23.271977779568655,0.006981359415974527
2004-06,-3.1390591243051205,27.15626895326919,0.056285239707867175
2004-07,-3.2854659593649047,29.249725582833655,1.1300336563975917
2004-08,-3.46337892204792,28.151151241743847,1.2538849955672366
2004-09,-1.1097158678570564,25.420728073450228,1.0658243315882465
2004-10,0.48312900173612183,18.95825761440527,1.0369475465484783
2004-11,0.8214434202110538,11.654177905159884,0.9647123745782178
2004-12,1.0173699085776475,9.336679641767725,1.4258803078547717
2005-01,1.8011937260661377,10.425438659593809,2.1543262991134164
2005-02,3.1775841050740548,11.156424159308752,3.0840558210136875
2005-03,2.9112495943507164,13.03132537398069,0.5414369426623682
2005-04,3.14462747183732,17.392177635857585,0.274799806490105
2005-05,3.969317867482496,23.058026163872952,0.2056150214381984
2005-06,3.4689973932159575,27.04817606784161,0.0469682836313413
2005-07,0.3232846350780762,30.71630491813307,1.0101906684547004
2005-08,0.5829078103231222,28.15280039170378,2.1476972369558727
2005-09,-0.9833556350610819,26.412349303416566,0.42544582570279704
2005-10,-1.1726416679756877,20.49031451372285,0.4485534363758992
2005-11,-1.7506302610453082,14.99791758193741,0.014536911500331305
2005-12,-2.3244069381108785,10.349768997944974,0.036886818604439785
2006-01,-2.9477614473108655,10.44373570780565,0.05016263726530744
2006-02,-3.591016787837842,12.508264180967272,0.030362456846592976
2006-03,-3.294227705633987,12.662561211866235,1.0237697807516215
2006-04,-3.585062370067142,18.08958430821584,0.07120705626691128
2006-05,-4.036965109397259,24.113804232199147,0.0332348494751288
2006-06,-4.068721412796176,29.450262476414903,0.30807094864501455
2006-07,-3.04983985731354,30.47392006897687,2.398217523844733
2006-08,-2.633560373423792,28.077468194981588,2.00409240662948
2006-09,-1.9366955694795709,24.273336234611094,1.429548207771198
2006-10,-1.82611069528703,19.29197841181421,0.6368168028178051
2006-11,-2.35118084712118,15.212411867748289,0.022176942157568495
2006-12,-2.639649502473886,8.823082559018303,0.25635719442240024
2007-01,-2.425565629776654,7.521534317723324,0.8839973936714225
2007-02,-2.627011672739334,11.354259152518674,0.48673537727791244
2007-03,-2.741136940637678,15.712472385830523,0.7990818393124731
2007-04,-3.027540492703857,18.177402571169992,0.19446840775681473
2007-05,-3.366454611169616,23.28513444247698,0.12233744913052143
2007-06,-3.5614517796410743,27.988782669642944,0.14930865183681202
2007-07,-2.820309661741403,29.913824359698665,2.0309794201047024
2007-08,-2.932805478330426,29.519776902508358,1.5776906906887762
2007-09,-2.944436681416548,26.38665882710348,0.7602041817409397
2007-10,-3.2938353671157894,20.536341608899857,0.09465297866041339
2007-11,-3.210904683833456,16.459578340063572,0.6862919547810311
2007-12,-0.7522522132603241,8.019338062723405,1.8547469923027347
2008-01,-0.16046431516454063,8.579008407766489,1.5536594069454486
2008-02,-0.1262967763558297,10.818414409706941,0.8235231095128881
2008-03,-0.6400211614467881,14.37661124580371,0.06567753873983687
2008-04,-0.9626493116226964,17.962246831055637,0.008149250819073355
2008-05,-0.5698048527757433,20.76533736633629,0.5208076331358068
2008-06,-0.5893097952721996,28.4608269825152,0.15206506544383228
2008-07,1.1108341913578552,29.106565134721716,2.50615603803441
2008-08,1.3118489580874906,28.536156120872974,2.289663797887644
2008-09,-0.5233742340951621,26.19696190815868,0.6768446677882564
2008-10,-1.0599157851762766,20.573416981940717,0.18012829416024792
2008-11,-1.0892226670538,15.123378859694336,0.6685295660629295
2008-12,-0.7196970180860124,9.599668311366866,1.3835363292695413
2009-01,-1.2120622968944235,11.019994206686302,0.4389005837670841
2009-02,-1.3254241354641985,11.841558135832802,0.8312809855709388
2009-03,-1.985679708201478,14.960889854321474,0.13276828574503977
2009-04,-2.2638964566872812,17.237673147793934,0.2226758004302953
2009-05,-2.302761000583188,24.546843243193887,0.4132679339166938
2009-06,-2.292030531910436,25.931637708541796,0.31893255196623793
2009-07,-2.607734736917923,30.887138625412376,1.130408479726671
2009-08,-3.3743503135520774,29.47002849690038,0.7496113578076585
2009-09,-3.40251257982022,26.523386148372353,0.711690622048115
2009-10,-3.5832817543705966,18.839634995644992,0.10699977926960302
2009-11,-3.8341901498927013,15.260200108424701,0.13705307002209197
2009-12,-3.6828672375597655,8.165344825789699,0.6526152092846048
2010-01,1.576948779315712,9.792135096162042,3.2105692680874784
2010-02,1.8936460423243109,10.501090138244749,1.3870389854555984
2010-03,1.9527654363684745,12.748510939481735,0.8173558984734703
2010-04,2.036896938515081,16.593147455990707,0.16499031710287648
2010-05,2.2231785487977698,20.564325984786727,0.014092088501637954
2010-06,2.2639773714185156,27.34753248906149,0.04148085683631849
2010-07,1.0998186653344504,30.171052751107254,1.8640159999271344
2010-08,-0.3849354275521867,29.088979539962295,1.6184162895570482
2010-09,-0.896985355564479,27.319694881481666,0.6129013698121983
2010-10,-0.9512603506482611,20.474151724120404,0.6289680211504236
2010-11,-1.3510053408415286,12.642226844978476,0.07083277798135182
2010-12,-1.4385875447565715,11.588816942381372,0.9679680636398211
2011-01,-2.0326019524406354,9.107430315905434,0.015167097681786071
2011-02,-2.034613113961112,8.846038545141116,0.6710912503185673
2011-03,-2.6930895371498518,15.4393491110389,0.1484154667952447
2011-04,-3.030461290878245,18.83295449930445,0.2592306895841524
2011-05,-3.279321064015596,20.739055096174848,0.06345776926431662
2011-06,-3.604100128874686,27.542137364498384,0.028196540606146837
2011-07,-3.263815673820582,29.84331013895932,1.5978366884032704
2011-08,-3.572440714922938,30.74490683318293,1.381023073121529
2011-09,-3.4005016471249254,27.036822885517026,0.9467858413540704
2011-10,-3.624876619222169,20.879467476798826,0.21688026753629683
2011-11,-3.119153114783185,13.03326286513409,0.8331752510467954
2011-12,-2.4116868265384146,7.823148387441118,1.5480985348825336
2012-01,-2.7758245041124434,10.905870180232236,0.18218330108816397
2012-02,-3.044806198347698,11.217009582936644,0.2791794782135963
2012-03,-3.2395643811333317,13.942795657574104,0.4744111402997362
2012-04,-3.543108215407578,19.107988041626566,0.13519956452278556
2012-05,-3.7738824170453453,23.759914723847782,0.08445630033461062
2012-06,-3.9739838067009767,28.76644845188126,0.09007704861346331
2012-07,-2.773580471081256,29.024823475270313,2.0619976260942594
2012-08,-2.685576911159778,29.67274806818384,1.76143918881659
2012-09,-2.3042602727209305,26.132687763918778,1.1986790330881012
2012-10,-2.9486825114987454,21.013806381311973,0.0589918629141542
2012-11,-3.2542494850381933,15.693681188344195,0.19929356980342663
2012-12,-2.8553005950316455,9.616855752342014,1.2251963462799198
2013-01,-2.3996411024771422,7.765996637691117,1.0603691098598376
2013-02,-2.2776762730391367,9.091105531614584,0.5523974752650725
2013-03,-2.522796815179274,16.07920594889039,0.5033133913458685
2013-04,-2.8274542980750925,18.612743919471026,0.12515655277849935
2013-05,-3.047117918549612,22.996060270172414,0.013187076157218912
2013-06,-3.3120216020907276,29.230331197149933,0.03891787665514226
2013-07,-2.146013516339989,29.54810718105439,2.241138756284888
2013-08,-2.1211215550797116,28.722887769899735,1.6826964665384962
2013-09,-1.5799712663592644,25.756528695394813,1.3897045356071245
2013-10,-1.9627132812226167,18.638015115557447,0.07641792191070192
2013-11,-1.006736135876929,14.398104343661357,1.7048471198387352
2013-12,-1.5390713598166958,9.322480849129175,0.41086093543619984
2014-01,-2.273829978697609,11.671747670645445,0.0034906797079872634
2014-02,-3.0730316882678403,13.597181361449454,0.043281272683304436
2014-03,-3.2491942468298878,15.676518604095873,0.8565367430257542
2014-04,-3.646348695232379,18.54158259539379,0.09019355509806794
2014-05,-4.004916818464123,22.700915578373564,0.008152921221056604
2014-06,-4.336065812188632,28.612868013999908,0.010821107094760517
2014-07,-1.6306073241950538,29.811417486306304,1.7571894970708313
2014-08,-0.6311386264957471,27.41879518799703,2.784604846970662
2014-09,0.7048834512928115,26.29885644927865,2.5283876970495163
2014-10,0.2673202165128832,21.42881406736562,0.7928170006236919
2014-11,-0.34028324172078694,14.276567227799891,0.09992873265803667
2014-12,-0.31890733285150374,10.278589490869841,1.1378498027393875
2015-01,0.14270588885561186,10.611981863977142,1.6435686704963925
2015-02,-1.2731614594345102,14.400048679319077,0.2946007459726722
2015-03,-1.694078674749652,16.816230151948574,0.7244257412481356
2015-04,-1.8534874246776594,17.94224619881009,0.32527731656690995
2015-05,-1.1035575759379455,20.30923480860409,0.5044480958742925
2015-06,-0.8279715075833496,28.761675869347172,0.5635689096365384
2015-07,-0.7881894743064662,28.760753297473155,1.4901285253032017
2015-08,-1.1848172598769455,30.103270666834142,1.5013967769925969
2015-09,-0.6329252032956169,26.70489121772623,1.6412583930735567
2015-10,-0.12435982081251717,21.224013193238246,1.3287797417979454
2015-11,-0.6419422636021755,12.643096461087005,0.5701960631874479
2015-12,-0.9343004947926061,8.530072125828859,0.5074692174584572
2016-01,-0.5900756345509245,8.943232416158288,1.3543765728976132
2016-02,-1.3024795181119941,14.078066174586294,0.20221980708534
2016-03,-2.2283807977151575,16.25635087143253,0.05568177578518725
2016-04,-2.3113993534309594,18.069140902405156,0.4637379602051225
2016-05,-2.4982200362213454,21.36698366254302,0.15983282347994884
2016-06,-2.3939432769358095,29.515844473655793,0.5026237958261757
2016-07,-2.694540479216927,30.750609549907786,1.1956694860760377
2016-08,-2.4267281933671723,28.232228490275226,1.8604094845619812
2016-09,-1.9749569675041603,25.080110350938575,1.3046059028680252
2016-10,-2.444689140295065,22.403468720043804,0.22394288128435172
2016-11,-2.0531202351645477,15.115003046277215,0.7040084960938224
2016-12,-1.2356094422510528,10.836953631995598,1.5533529369462165
2017-01,-0.6921265929091867,9.246269995673444,1.4899168075802696
2017-02,-0.6074486598708717,12.835573161922953,0.9787423990047034
2017-03,-1.6753207308848634,17.14606468762159,0.13975255506700088
2017-04,-2.090417863944831,19.136851074246984,0.03557820494091248
2017-05,-2.1422021881016153,22.275376680678946,0.14799164101588147
2017-06,-2.415536664939769,29.36632899688839,0.07552296160572478
2017-07,-1.2036402145824416,29.83074526989934,2.5751574520181224
2017-08,-1.8183372634088208,28.912595968273656,1.1581029202234365
2017-09,-2.319347419038376,25.650458846705074,0.2638697952672445
2017-10,-2.907955997553577,22.30633241049232,0.039302489132278934
2017-11,-3.523123576337921,17.857445456899093,0.031703805258635254
2017-12,-3.8698462080557565,11.671491863415469,0.2330169648882959
2018-01,-4.301789656339867,12.360406894784827,0.3210786120120222
2018-02,-3.8911172438237744,11.801667388572888,1.3099695449165043
2018-03,-4.263743865153847,14.905490983113749,0.10395582590893658
2018-04,-4.826666408354975,20.54739582934984,0.004542215120819848
2018-05,-5.088782351045337,23.353347201325796,0.030633561868990113
2018-06,-4.877962988721684,28.455355216293494,0.40922458368726383
2018-07,-1.9420041409814455,30.241885650882846,2.095682296424926
2018-08,-1.9551158286254398,29.265542469776936,1.763239407720111
2018-09,-0.3684948586919059,27.568756394946092,1.0258995347754039
2018-10,1.8711881354100834,18.7821480329445,2.4548285551287177
2018-11,1.3623503063571751,13.145618957439906,0.23342330964825017
2018-12,0.9817269187657374,9.50750360378165,0.6973189210510969
2019-01,0.920290650879781,9.529201031412052,1.045167475398203
2019-02,1.8608445941436371,8.537570760820708,2.380869832680637
2019-03,1.1418179275293983,14.152580232657176,0.8674117243264398
2019-04,0.7206347795683868,18.787466242210293,0.16307002430116097
2019-05,0.8466123610093534,19.293393654654444,0.2628675453815833
2019-06,0.060998534473682406,27.14854780550669,0.015363322215580366
2019-07,-0.8930155666086692,30.5284516778001,0.8646748816840815
2019-08,-1.703914962283962,30.403464888011495,1.0166185254780764
2019-09,0.7692819052340958,26.103176854292578,2.138778483653599
2019-10,-0.3442032215402613,19.409722373840943,0.014867731176368096
2019-11,1.8303446340170022,14.697192084993942,2.8787065886251506
2019-12,2.0490287997542858,9.465433135436061,1.5028638971635937
2020-01,1.5475230650618115,10.001473167395538,0.40538890085727286
2020-02,1.6210746896510293,10.861160683321593,1.1486326954976138
2020-03,2.3064033796954204,13.603776312205547,1.8123839237569803
2020-04,2.236867488238442,18.318651273443177,0.08675941170785524
2020-05,2.089282700511477,24.593869428376408,0.04627693572008834
2020-06,-0.3196157190399903,27.88014032545135,0.05610957631094713
2020-07,-1.3258325167807639,31.05343748930961,0.6400941462837728
2020-08,-2.4494081340662843,31.677352572021043,0.6590888802719762
2020-09,-3.1568945815081575,27.427794555558098,0.11012400571916275
2020-10,-3.6408307655778263,22.321232035902153,0.0747679674003506
2020-11,-3.918278521937996,15.623677821568956,0.14037845522478049
2020-12,-4.013907098929847,9.330432776619439,0.3399581389427542
2021-01,-3.5508946760545617,9.747867668176156,1.186647259629408
2021-02,-3.835663912040804,11.710055096368231,0.11355403261850279
2021-03,-4.0045588064851785,13.150452762696606,0.3540642379383784
2021-04,-4.400665511558568,19.534018131979128,0.10384604094811285
2021-05,-4.693067111151859,22.974250847002548,0.015126470515745899
2021-06,-4.800414104637054,29.75800149970074,0.1663257332055744
2021-07,-2.254488550868561,29.318124488457336,3.811032217935989
2021-08,-1.4670280102165667,28.568029112219808,2.5218587572143916
2021-09,-1.231788489394932,26.418239645224542,1.2847258170312374
2021-10,-1.4710765502358123,19.079990793082377,0.31052688493514913
2021-11,-2.1400048449499787,16.68655644013025,0.030902307828080774
2021-12,-1.8316200945833687,11.320076432324193,1.4266768573760924
2022-01,-2.145176756313962,9.971996325896562,0.3352284001979043
2022-02,-2.369226019209561,10.1681360020299,0.33684049928691995
2022-03,-2.7763455792899783,14.278914083139174,0.32915252454666144
2022-04,-3.3020310723590898,19.111767618163608,0.0018703588451326853
2022-05,-3.689494779801023,23.250168356398788,0.0
2022-06,-1.7685127561837974,28.872788458766554,0.659315371882018
2022-07,-0.5851945458569073,30.274270974502063,1.8186395295321893
2022-08,0.8251098848143213,28.413583663930112,3.0555968981942536
2022-09,0.6749825129586994,27.035768656797366,1.073209359282715
2022-10,1.0895433095222278,19.71168901994681,0.9224976668263325
2022-11,0.6539052129175411,11.27295112425953,0.21653995733725503
2022-12,0.8731812901240312,9.251474731091504,1.489544187999251
2023-01,1.3134264080727558,8.22006258138778,1.6060750798477899
2023-02,1.3837559655695215,9.231314287106187,1.0228314120113928
2023-03,1.550864817190848,12.10325406389239,1.0483478585529578
2023-04,1.0378602455350134,18.12447246688179,0.0018703588451326853
2023-05,1.2756626495807444,22.23669153614594,0.3132376888964922
2023-06,-0.2222758296226484,25.616868624999334,0.0009351794225663427
2023-07,-1.3713170845881102,32.557372271886216,0.5129733321450307
2023-08,-1.9862985787048957,30.272692963305516,1.1158596255863253
2023-09,-1.9503468963707924,26.68053279239299,0.9254673980115954
2023-10,-2.444971587462857,21.643608793359384,0.13927336899170215
2023-11,-2.6505816201451537,15.17812837558801,0.33314454766308205
2023-12,-0.49789467915394703,10.937600838196822,1.154686478096274
2024-01,0.04169714622651799,8.934123236006405,1.3330534898558914
2024-02,0.892510394028821,11.53554241374229,1.7342000958329993
2024-03,1.1398802360346068,12.983164724834644,1.1134113204415998
2024-04,1.2568575895623668,17.30735487891639,0.4597729310717883
2024-05,0.6990816200428859,22.30533332048681,0.011676417973798807
2024-06,0.8922268862170958,29.51545240387999,0.4811134092228848
2024-07,-0.5663986411824543,31.64452978517727,1.2526915697774679
2024-08,-1.1552957234989094,30.144307272406618,1.3059993135975119
2024-09,-1.9159128496212108,27.74316387068142,0.2221108578003512
2024-10,-2.5751052808241894,23.285723279708794,0.10125017555657873
2024-11,-2.6006598754275223,12.641458705476115,0.3228459386777836
2024-12,-3.24017001501116,12.337724898889885,0.006205716741244388
2025-01,-3.607915320554886,8.169340126448539,0.049945422385089915
2025-02,-4.314251053235018,14.101188761097719,0.08190202791833
2025-03,-4.314072862661145,14.527776577171416,0.7411989736709185
2025-04,-4.550260628193272,17.97129088742509,0.10572632465768851
2025-05,-4.6916522527883995,22.67845148954906,0.1374746043064789
2025-06,-4.511582149434572,28.482587281951876,0.40720255804680794
2025-07,-4.919432180558711,30.08772777011873,0.8026424326697862
2025-08,-4.916145597121286,30.757131883592212,0.9148992201421413
2025-09,-3.8062256916647343,26.61276505908546,1.7610560211046196
2025-10,-2.8678664114151067,21.05944601241339,1.4562846305418442
2025-11,-2.2260414826606603,16.0237276161067,1.3105584204328298
2025-12,-3.1480737066591526,13.42910476228312,0.1869454290622969
2026-01,-2.7551848475678122,11.214004934550804,0.9997966769937309
2026-02,-3.538747311038091,14.906376428496149,0.4246174678283485
2026-03,-4.7185020686250665,20.758598603889684,0.20326208527432754
2026-04,-5.087588382291051,19.584281928223902,0.06862690057832778
2026-05,-5.133728500059185,23.140819869095345,0.20347306659287387
2026-06,-5.219630651852906,29.054095986996533,0.1363584868930732
2026-07,,-73.27777777777777,-8.185354838709676
2026-08,,-73.27777777777777,-8.185354838709676
2026-09,,-73.27777777777777,-8.4582
2026-10,,-73.27777777777777,-8.185354838709676
2026-11,,-73.27777777777777,-8.4582
2026-12,,-73.27777777777777,-8.185354838709676
