year_month,usdm_dsci,usdm_sustainability,predicted_usdm_sustainability,prediction_residual,snow_water_equivalent_in,irrigation_total_withdrawal_mgd,public_supply_groundwater_mgd,powell_evaporation,powell_total_release,powell_inflow,powell_pool_elevation,ndvi,precipitation_mm_day,temperature_2m_c,grace_groundwater_anomaly,streamflow_cfs,grace_available,month_sin,month_cos,temperature_2m_c_anomaly,usdm_sustainability_lag1,usdm_sustainability_lag3,streamflow_cfs_lag1,snow_water_equivalent_in_lag1,powell_pool_elevation_lag1,precipitation_mm_day_lag1,temperature_2m_c_lag1,temperature_2m_c_anomaly_lag1,grace_groundwater_anomaly_lag1,ndvi_lag1,usdm_sustainability_roll3,usdm_sustainability_roll6,streamflow_cfs_roll3,precipitation_mm_day_roll3,precipitation_mm_day_roll6,temperature_2m_c_roll3,temperature_2m_c_roll6,temperature_2m_c_anomaly_roll3,grace_groundwater_anomaly_roll3,grace_groundwater_anomaly_roll6,AZPOP_pct_change,AZPOP,model_complete,vector_status
2000-01,90.0,82.0,,,,2680391.867636,480.66482512446,437.1511783548388,13091.114570967742,7932.747419354839,3680.118384516129,,0.3009864687919616,7.632818698883057,-0.0180798692635513,4518.451612903225,0.0,,,1.5693156719207764,,,,,,,,,,,,,,,,,,,,,,5160586.0,False,historical_only
2000-02,118.2,76.36,,,,2675834.8437619978,541.90950014826,504.8560814482759,11290.369641379311,7989.935860344827,3678.4731155172417,0.213908507092997,0.5993461012840271,8.965686798095703,-0.0180798692635513,3913.678160919541,0.0,,,1.4488317966461182,,,,,,,,,,,,,,,,,,,,,0.0,5160586.0,False,historical_only
2000-03,65.75,86.85,,,,2676307.288937998,515.68608630634,793.9971517741935,10539.889614838708,8667.629159677419,3677.22966516129,0.2137080424590225,1.1757887601852417,10.225457191467283,-0.0180798692635513,3719.569892473119,0.0,,,-0.8450136184692401,,,,,,,,,,,,,,,,,,,,,0.0,5160586.0,False,historical_only
2000-04,50.0,90.0,,,,2725433.432612997,778.64411178277,1286.697924,15242.937594666666,13269.608038666664,3676.4433266666665,0.2215462654108048,0.0660862401127815,16.93128204345703,-0.0180798692635513,5270.166666666667,0.0,,,1.6524872779846191,,,,,,,,,,,,,,,,,,,,,0.0,5160586.0,False,historical_only
2000-05,100.0,80.0,,,,2789246.6329699964,876.24569570614,1481.7673135483872,18388.186516129037,25643.42436451613,3676.756458064516,0.2097182796988873,0.0174202062189579,22.61666679382324,-0.0180798692635513,6325.978494623657,0.0,,,1.7886562347412074,,,,,,,,,,,,,,,,,,,,,0.0,5160586.0,False,historical_only
2000-06,139.0,72.2,,,,2680730.114554001,915.37323609237,2422.6372610000003,7968.372396333333,22128.19435133333,3682.192993,0.2046445769219232,0.2857317626476288,26.63031005859375,-0.0180798692635513,2841.888888888889,0.0,,,0.00051116943359375,,,,,,,,,,,,,,,,,,,,,0.0,5160586.0,False,historical_only
2000-07,71.5,85.7,,,,2683004.777475002,906.14029790398,2808.6934093548384,8025.159133225806,6120.285659677419,3682.8542116129033,0.2203557434459175,0.2722587287425995,28.60430908203125,-0.0180798692635513,2849.9892473118284,0.0,,,0.015954017639160156,,,,,,,,,,,,,,,,,,,,,0.0,5160586.0,False,historical_only
2000-08,112.6,77.48,,,,2679580.3611410004,850.87100076667,2766.232980645161,8050.643570967742,4811.169483548387,3681.115158709677,0.2461126830585112,1.0644057989120483,27.46066665649414,-0.0180798692635513,2960.096774193548,0.0,,,0.03589344024658203,,,,,,,,,,,,,,,,,,,,,0.0,5160586.0,False,historical_only
2000-09,90.75,81.85,,,,2692699.7631429974,911.80790950568,2593.831628666667,11028.568995666668,5706.315241,3678.6969896666665,0.2504813476555175,0.0728379413485527,24.617006301879883,-0.0180798692635513,3846.477777777778,0.0,,,0.2520599365234375,,,,,,,,,,,,,,,,,,,,,0.0,5160586.0,False,historical_only
2000-10,86.2,82.75999999999999,,,0.2298387096774193,2676100.385949,607.31641529904,1725.755960322581,9847.402307096774,7439.651204516129,3676.9645064516126,0.2452603014660644,2.393218517303467,16.13144302368164,-0.0180798692635513,3607.0967741935488,0.0,,,-1.3346319198608398,,,,,,,,,,,,,,,,,,,,,0.0,5160586.0,False,historical_only
2000-11,0.0,100.0,,,1.8675,2675077.9992049984,454.73845278229,1686.3728246666665,13491.95865,6152.6738270000005,3674.929004,0.262533082136772,0.4940301775932312,6.215789794921875,-0.0180798692635513,5039.11111111111,0.0,,,-5.1969757080078125,,,,,,,,,,,,,,,,,,,,,0.0,5160586.0,False,historical_only
2000-12,0.0,100.0,,,1.6733870967741935,2690599.3903499995,468.94966396247,1279.7677383870969,13430.153606451611,5673.207906451613,3671.5883787096777,0.2632041275558057,0.1052048578858375,6.956286907196045,-0.0180798692635513,4716.096774193548,0.0,,,1.0174095630645752,,,,,,,,,,,,,,,,,,,,,0.0,5160586.0,False,historical_only
2001-01,2.0,99.6,,,2.7193548387096778,2653600.0097100004,414.96636637063,403.8431208387097,13827.479887096775,5329.517433225807,3668.04226,0.2762793419196013,1.3014330863952637,4.503746032714844,-0.0180798692635513,4790.290322580645,0.0,,,-1.5597569942474365,,,,,,,,,,,,,,,,,,,,,0.021875616451310087,5273477.0,False,historical_only
2001-02,0.0,100.0,,,4.508035714285715,2654210.1908420003,501.06705763317,477.5526932857143,11682.235567857144,6003.528299642858,3665.0232285714287,0.2714447600399121,0.9617661833763124,6.352397441864014,-0.0180798692635513,4207.523809523809,0.0,,,-1.1644575595855713,,,,,,,,,,,,,,,,,,,,,0.0,5273477.0,False,historical_only
2001-03,0.0,100.0,,,4.565322580645161,2655206.921780999,555.77958135393,723.1295211290322,10563.796400645162,8139.849183548387,3663.346467419354,0.2933538865002363,0.7006061673164368,11.183613777160645,-0.0180798692635513,4228.94623655914,0.0,,,0.1131429672241211,,,,,,,,,,,,,,,,,,,,,0.0,5273477.0,False,historical_only
2001-04,0.0,100.0,,,0.3350000000000001,2656334.192134001,704.89931936861,1172.7302356666669,10060.196617666666,9855.516176,3662.5646563333335,0.2808619907737314,0.8586297631263733,14.183622360229492,-0.0180798692635513,4124.788888888889,0.0,,,-1.09517240524292,,,,,,,,,,,,,,,,,,,,,0.0,5273477.0,False,historical_only
2001-05,0.0,100.0,,,-0.0483870967741935,2659335.233276999,877.86984089908,1372.2795432258065,9785.081757096774,27623.10383870968,3665.26997967742,0.2600858339771525,0.2755719423294067,22.630414962768555,-0.0180798692635513,3596.8494623655915,0.0,,,1.8024044036865234,,,,,,,,,,,,,,,,,,,,,0.0,5273477.0,False,historical_only
2001-06,15.5,96.9,,,0.0824999999999999,2660457.3031359995,946.80116298023,2274.009026333333,9759.566451666667,19298.696742666667,3672.190665666667,0.2435164121535933,0.1158454790711402,26.62928771972656,-0.0180798692635513,3376.1666666666665,0.0,,,-0.0005111694335973027,,,,,,,,,,,,,,,,,,,,,0.0,5273477.0,False,historical_only
2001-07,6.6,98.68,,,0.2766129032258065,2659856.420047001,878.27595538806,2613.0088541935484,13002.12239451613,5616.033156451614,3671.3600112903223,0.2572549754285928,0.7328987121582031,27.77096366882324,-0.0180798692635513,4463.301075268818,0.0,,,-0.8173913955688512,,,,,,,,,,,,,,,,,,,,,0.0,5273477.0,False,historical_only
2001-08,0.0,100.0,,,0.032258064516129,2659351.914802002,877.36565036631,2543.0221735483874,13332.31408032258,6836.098072580645,3667.8009567741938,0.2808380357464433,1.3372559547424316,27.24510765075684,-0.0180798692635513,4646.483870967742,0.0,,,-0.1796655654907191,,,,,,,,,,,,,,,,,,,,,0.0,5273477.0,False,historical_only
2001-09,0.0,100.0,,,0.0,2663399.361645001,931.5338031391,2384.4896356666663,7606.285172333333,5427.991561666667,3665.4536613333335,0.2686599048533782,0.7815918326377869,25.51907157897949,-0.0180798692635513,2664.1666666666665,0.0,,,1.1541252136230433,,,,,,,,,,,,,,,,,,,,,0.0,5273477.0,False,historical_only
2001-10,0.0,100.0,,,0.0,2655941.520348,752.49678964755,1582.2779009677415,9794.62829967742,4751.491003870968,3663.47774,0.2579800208584998,0.3452957272529602,18.77740478515625,-0.0180798692635513,3390.6860215053766,0.0,,,1.3113298416137695,,,,,,,,,,,,,,,,,,,,,0.0,5273477.0,False,historical_only
2001-11,0.0,100.0,,,0.0142857142857142,2654871.920109,582.25710837586,1544.854727,10180.206634333334,5667.343625666666,3661.2489966666662,0.2460950992751339,0.3825393319129944,12.196091651916504,-0.0180798692635513,3524.1666666666665,0.0,,,0.7833261489868164,,,,,,,,,,,,,,,,,,,,,0.0,5273477.0,False,historical_only
2001-12,0.0,100.0,,,1.4,2653677.8849330023,418.16006162092,1173.6335532258065,13035.61890483871,4568.790918064516,3658.0725770967742,0.2480289240577536,0.7928277254104614,4.42357873916626,-0.0180798692635513,4469.4838709677415,0.0,,,-1.51529860496521,,,,,,,,,,,,,,,,,,,,,0.0,5273477.0,False,historical_only
2002-01,28.8,94.24,,,0.8219841269841269,2751692.7223050003,467.52211445438,367.9152763225807,13084.256764516129,4695.443329032258,3654.249660967742,0.2416210326567961,0.1929139047861099,5.399044990539551,-0.0180798692635513,4488.817204301075,0.0,,,-0.6644580364227295,,,,,,,,,,,,,,,,,,,,,0.0232821722745733,5396255.0,False,historical_only
2002-02,101.75,79.65,,,1.1483333333333332,2817847.0169360004,619.70870314738,434.2899132857143,10829.612069642855,4866.449683214286,3651.000706071428,0.2270350874166523,0.0703734084963798,7.913542747497559,-0.0180798692635513,3739.630952380952,0.0,,,0.39668774604797363,,,,,,,,,,,,,,,,,,,,,0.0,5396255.0,False,historical_only
2002-03,189.5,62.1,,,0.346984572230014,2729049.112416003,599.05244576957,655.6776690967743,9789.60294096774,5515.196757741936,3648.62678,0.2164701840711682,0.2520385384559631,10.165111541748049,-0.0180798692635513,3424.2150537634407,0.0,,,-0.9053592681884748,,,,,,,,,,,,,,,,,,,,,0.0,5396255.0,False,historical_only
2002-04,292.0,41.6,,,0.0,2747820.448877,793.00105700738,1057.574487,10116.914547333332,6607.395506666667,3646.784341,0.205684708273643,0.1072581708431243,17.31804084777832,-0.0180798692635513,3544.066666666666,1.0,,,2.039246082305908,,,,,,,,,,,,,,,,,,,,,0.0,5396255.0,False,historical_only
2002-05,379.25,24.15000000000001,,,0.0,2848759.7259649965,850.52315193463,1197.129758387097,9597.485658064516,7237.67638,3644.876457096774,0.1944839024682932,0.0017756397137418,20.63030242919922,-0.0185238200907593,3344.584946236559,1.0,,,-0.1977081298828125,,,,,,,,,,,,,,,,,,,,,0.0,5396255.0,False,historical_only
2002-06,414.5,17.099999999999994,,,0.0,2835970.5111590023,975.43098724846,1876.1165676666667,12563.919013333332,5792.069599333334,3642.970991,0.1891168573207414,0.003458397462964,27.578977584838867,-0.0203739453286101,4311.4766666666665,1.0,,,0.9491786956787109,,,,,,,,,,,,,,,,,,,,,0.0,5396255.0,False,historical_only
2002-07,429.8,14.039999999999992,,,0.0,2728750.8758239984,912.49538448542,2094.158148387097,14592.370848387096,1989.6565425806448,3637.5267635483874,0.2016317149992126,0.687684953212738,29.108243942260746,-0.0222240705664609,5079.563440860215,1.0,,,0.5198888778686559,,,,,,,,,,,,,,,,,,,,,0.0,5396255.0,False,historical_only
2002-08,389.0,22.200000000000003,,,0.0,2733733.221839003,923.7109441103,1997.5668183870969,14530.22921935484,2119.714119677419,3630.77644,0.2278496543139519,0.4724290668964386,27.6002197265625,-0.0240741958043116,5061.73440860215,1.0,,,0.1754465103149414,,,,,,,,,,,,,,,,,,,,,0.0,5396255.0,False,historical_only
2002-09,378.25,24.349999999999994,,,0.0,2725840.5059789983,891.7002512264,1859.036524,8117.618679666667,7221.354723666666,3627.107015666667,0.2343829046433499,1.4411139488220217,23.982851028442383,-0.0480342937106875,3001.345555555556,1.0,,,-0.3820953369140625,,,,,,,,,,,,,,,,,,,,,0.0,5396255.0,False,historical_only
2002-10,368.0,26.40000000000001,26.398678636550898,-0.0013213634491116,0.0141025641025641,2723747.6539519997,719.49997458341,1236.5255870967742,8074.013861290323,5221.235457741936,3625.5900029032255,0.2386799099943746,0.193942129611969,16.19744300842285,-0.0485175152735335,2824.0623655913982,1.0,-0.8660254037844386,0.5000000000000001,-1.2796211242675781,24.349999999999994,14.039999999999992,3001.345555555556,0.0,3627.107015666667,1.4411139488220217,23.982851028442383,-0.2002267837524414,-0.0480342937106875,0.2343829046433499,20.196666666666662,23.906666666666666,4380.881135005974,0.8670759896437327,0.45228669615850475,26.897104899088543,24.36977259318034,0.2222159703572603,-0.03144418669382,-0.02521836579406345,0.0,5396255.0,True,model_complete
2002-11,363.5,27.3,27.297103190422067,-0.0028968095779333,0.0358333333333333,2722995.699145002,594.13537440111,1218.2462573333332,7998.874071666666,5722.431627,3623.9809976666666,0.232359947021259,0.6905194520950317,10.729585647583008,-0.0303191183683882,2815.3222222222225,1.0,-0.5000000000000004,0.8660254037844384,-0.5611858367919922,26.40000000000001,22.200000000000003,2824.0623655913982,0.0141025641025641,3625.5900029032255,0.193942129611969,16.19744300842285,-1.2796211242675781,-0.0485175152735335,0.2386799099943746,24.316666666666666,21.373333333333335,3629.0474432497017,0.7024950484434763,0.4667340226199788,22.593504587809246,24.183006286621094,-0.41664981842041016,-0.0402086682628442,-0.03029130679572715,0.0,5396255.0,True,model_complete
2002-12,362.6,27.47999999999999,27.48411633372307,0.0041163337230791,0.8004166666666667,2721686.440665002,438.84280649836,929.2261117419356,9782.528392258064,4334.142489032259,3621.6470987096777,0.2422305900795823,0.7671376466751099,5.466641902923584,-0.0126191132774602,3431.7634408602157,1.0,-2.4492935982947064e-16,1.0,-0.17474937438964844,27.3,24.349999999999994,2815.3222222222225,0.0358333333333333,3623.9809976666666,0.6905194520950317,10.729585647583008,-0.5611858367919922,-0.0303191183683882,0.232359947021259,26.01666666666667,21.89833333333333,2880.243381123059,0.7751918435096741,0.5815246580168606,16.969959894816082,22.53288682301839,-0.6803445816040039,-0.042290309117536395,-0.032257189841998636,0.0,5396255.0,True,model_complete
2003-01,368.75,26.25,26.24297199726104,-0.0070280027389628,1.1678136200716844,2664322.4605120006,549.61302680995,284.47651161290327,12753.685622580646,4032.016862903226,3617.606122258064,0.2371510071041161,0.2726900577545166,9.34068775177002,-0.0172034683639324,4456.580645161291,1.0,0.49999999999999994,0.8660254037844387,3.5479981899261475,27.47999999999999,26.40000000000001,3431.7634408602157,0.8004166666666667,3621.6470987096777,0.7671376466751099,5.466641902923584,-0.17474937438964844,-0.0126191132774602,0.2422305900795823,27.060000000000002,23.62833333333333,3023.7160095579457,0.5505330761273702,0.7088045328855515,10.797890186309814,18.847497542699177,-0.6718521118164062,-0.030485248973127297,-0.03096471783347365,0.021145961412127434,5510364.0,True,model_complete
2003-02,363.5,27.3,27.30278193950653,0.00278193950653,1.037037037037037,2664287.635946996,512.40813036413,330.8102410714286,12856.602610714284,4547.115713928572,3612.9992767857134,0.2371546969605687,1.9309793710708616,7.519490718841553,0.0126444834152407,4666.714285714285,1.0,0.8660254037844386,0.5000000000000001,0.0026357173919677734,26.25,27.3,4456.580645161291,1.1678136200716844,3617.606122258064,0.2726900577545166,9.34068775177002,3.5479981899261475,-0.0172034683639324,0.2371510071041161,27.01,25.66333333333333,3567.8887694145765,0.5767823855082194,0.639638716975848,8.512305100758871,15.552904844284058,0.937354326248169,-0.0200472333365936,-0.0301279507997189,0.0,5510364.0,True,model_complete
2003-03,299.5,40.1,40.09011058807373,-0.0098894119262737,3.091935483870968,2665680.1281289994,568.82975728841,494.90187232258063,12790.619341935484,6195.661971935484,3608.941915806452,0.2468418014896154,0.7784945368766785,10.375380516052246,0.0350415393986315,5659.559139784946,1.0,1.0,6.123233995736766e-17,-0.8744134902954102,27.3,27.47999999999999,4666.714285714285,1.037037037037037,3612.9992767857134,1.9309793710708616,7.519490718841553,0.0026357173919677734,0.0126444834152407,0.2371546969605687,27.009999999999994,26.513333333333332,4185.019457245264,0.9902690251668295,0.8827304343382517,7.442273457845052,12.206116676330566,1.125294844309489,-0.005726032742050633,-0.02400817092979352,0.0,5510364.0,True,model_complete
2003-04,298.0,40.4,40.402312552928926,0.0023125529289274,0.0166666666666666,2675578.017722001,704.16522771834,794.5688802333333,10100.613296333331,6868.340723,3605.917993,0.2490356838103521,0.2656846940517425,13.237744331359863,0.0076628526228412,3890.088888888889,1.0,0.8660254037844387,-0.4999999999999998,-1.952989101409912,40.1,26.25,5659.559139784946,3.091935483870968,3608.941915806452,0.7784945368766785,10.375380516052246,-0.8744134902954102,0.0350415393986315,0.2468418014896154,31.21666666666667,29.138333333333332,4927.618023553508,0.9940546552340189,0.7722938656806946,9.078519662221273,9.938204924265543,0.8920734723409017,0.010160851483313268,-0.010162198744907015,0.0,5510364.0,True,model_complete
2003-05,312.25,37.55,37.54994597434997,-5.402565002299298e-05,0.0,2695911.50192,865.76028884912,908.7426352580644,10600.226057741937,20070.33302741936,3606.105839677419,0.2314712863045646,0.0621440410614013,21.11269187927246,-0.0043378862840764,3823.747311827957,1.0,0.49999999999999994,-0.8660254037844387,0.45956993103027344,40.4,27.3,3890.088888888889,0.0166666666666666,3605.917993,0.2656846940517425,13.237744331359863,-1.952989101409912,0.0076628526228412,0.2490356838103521,35.93333333333334,31.471666666666664,4738.787438129374,0.9917195339997608,0.7842509597539902,10.377538522084555,9.444921811421713,-0.9415889581044515,0.018449625145571132,-0.0007988040955112333,0.0,5510364.0,True,model_complete
2003-06,325.0,35.0,34.99913387298584,-0.0008661270141629,0.0025,2744899.8258549976,970.4523963034,1550.1616929999998,14153.29792,25970.310024666665,3615.388004666667,0.2209209965267098,0.0508009865880012,25.86668586730957,-0.0243198025680337,4906.752222222222,1.0,1.2246467991473532e-16,-1.0,-0.6418056488037109,37.55,40.1,3823.747311827957,0.0,3606.105839677419,0.0621440410614013,21.11269187927246,0.45956993103027344,-0.0043378862840764,0.2314712863045646,39.35,33.18,4457.798446833931,0.36877442399660737,0.6795217245817184,14.908605575561523,11.175439516703287,-0.7892775535583496,0.012788835245798769,0.0035314012518740667,0.0,5510364.0,True,model_complete
2003-07,353.0,29.40000000000001,29.404107570648197,0.0041075706481841,0.0,2669944.038264001,934.35489004598,1777.5404441935484,14640.916558064517,5513.058966451613,3613.643874193548,0.2173840293919172,1.2901544570922852,29.879125595092773,-0.0443017188519909,5066.8784946236565,1.0,-0.4999999999999997,-0.8660254037844388,1.407857894897461,35.0,40.4,4906.752222222222,0.0025,3615.388004666667,0.0508009865880012,25.86668586730957,-0.6418056488037109,-0.0243198025680337,0.2209209965267098,37.65,34.43333333333334,4206.8628076463565,0.126209907233715,0.5601322812338669,20.072374025980633,14.575446844100952,-0.7117416063944498,-0.006998278743089632,0.0015812863701118167,0.0,5510364.0,True,model_complete
2003-08,335.0,33.0,32.998160266876226,-0.0018397331237736,0.0,2668689.764831002,898.20869180188,1701.7837570967745,14665.73416451613,4326.601234838709,3607.315133870968,0.2348541164379965,2.3904788494110107,27.59802627563477,-0.0497137032599259,5152.950537634409,1.0,-0.8660254037844384,-0.5000000000000004,0.22770500183105824,29.40000000000001,37.55,5066.8784946236565,0.0,3613.643874193548,1.2901544570922852,29.879125595092773,1.407857894897461,-0.0443017188519909,0.2173840293919172,33.983333333333334,34.958333333333336,4599.1260095579455,0.4676998282472293,0.7297096811234951,25.6195011138916,17.99851981798808,0.4085407257080078,-0.024319802568033663,-0.0029350887112312668,0.0,5510364.0,True,model_complete
2003-09,305.8,38.84,38.84123086929321,0.0012308692932094,0.0,2667899.925111999,926.37476078088,1591.0656296666666,7948.995817,7901.937726999999,3604.112329,0.2464783586065112,0.6510413289070129,24.66579246520996,-0.0431258353569122,3062.6744444444444,1.0,-1.0,-1.8369701987210297e-16,0.4827146530151367,33.0,35.0,5152.950537634409,0.0,3607.315133870968,2.3904788494110107,27.59802627563477,0.22770500183105824,-0.0497137032599259,0.2348541164379965,32.46666666666667,35.90833333333333,5042.19375149343,1.2438114310304325,0.8062929275135199,27.78127924601237,21.344942410786945,0.3312524159749361,-0.03944507489331683,-0.013328119823759033,0.0,5510364.0,True,model_complete
2003-10,283.25,43.35,43.35039648056031,0.0003964805603047,0.0,2669158.507622002,810.28854241232,1060.3647483870968,7975.296151290323,5446.891001612903,3602.920638387097,0.2355055271292239,0.28853240609169,20.38433074951172,-0.0431387399589573,2802.041935483871,1.0,-0.8660254037844386,0.5000000000000001,2.907266616821289,38.84,29.40000000000001,3062.6744444444444,0.0,3604.112329,0.6510413289070129,24.66579246520996,0.4827146530151367,-0.0431258353569122,0.2464783586065112,33.74666666666667,35.69833333333333,4427.501158900836,1.4438915451367695,0.7850507261852423,27.3809814453125,23.726677735646565,0.7060925165812186,-0.04571375248960966,-0.02635601561634965,0.0,5510364.0,True,model_complete
2003-11,278.5,44.3,44.32055971622467,0.0205597162246746,0.0975,2664327.9179280014,547.98395886292,1048.308308,7981.833432,5983.385485333333,3601.242993,0.2333970899927249,0.8679163455963135,9.25066089630127,-0.0264454292403572,2853.655555555556,1.0,-0.5000000000000004,0.8660254037844384,-2.0401105880737305,43.35,33.0,2802.041935483871,0.0,3602.920638387097,0.28853240609169,20.38433074951172,2.907266616821289,-0.0431387399589573,0.2355055271292239,38.39666666666667,36.190000000000005,3672.555639187575,1.1100175281365712,0.7888586781919001,24.216049830118816,24.917775472005207,1.2058954238891613,-0.04532609285859846,-0.034822947713316066,0.0,5510364.0,True,model_complete
2003-12,275.4,44.92,44.91531364917755,-0.0046863508224532,1.6491935483870968,2663792.122623,473.58983030733,800.0333308387096,9790.985288064516,4764.335522580645,3598.823864193548,0.2393494503846557,0.4831027686595917,6.083010196685791,-0.0254789206725293,3458.1075268817203,1.0,-2.4492935982947064e-16,1.0,0.4416189193725586,44.3,38.84,2853.655555555556,0.0975,3601.242993,0.8679163455963135,9.25066089630127,-2.0401105880737305,-0.0264454292403572,0.2333970899927249,42.163333333333334,37.315000000000005,2906.123978494624,0.6024966935316721,0.9231540622810522,18.100261370340984,22.940770308176678,0.44995689392089844,-0.03757000151874223,-0.038507538206029535,0.0,5510364.0,True,model_complete
2004-01,292.5,41.5,41.50651113510132,0.00651113510132,2.82983870967742,2677790.120537001,490.92235544573,240.57781922580645,12826.544870967742,4121.157450645162,3594.3841825806453,0.2367463133260325,0.5958421230316162,6.029773235321045,-0.0345839806505944,4493.548387096774,1.0,0.49999999999999994,0.8660254037844387,0.23708367347717285,44.92,43.35,3458.1075268817203,1.6491935483870968,3598.823864193548,0.4831027686595917,6.083010196685791,0.4416189193725586,-0.0254789206725293,0.2393494503846557,44.19,38.968333333333334,3037.9350059737153,0.5465171734491984,0.995204359292984,11.90600061416626,19.64349102973938,0.43625831604003906,-0.03168769662394793,-0.0387007245567788,0.025776881527245665,5652404.0,True,model_complete
2004-02,292.0,41.6,41.5943643450737,-0.0056356549263014,4.547552339901478,2678179.2305970024,533.52501198289,267.3123683448276,12909.397980344827,4644.391784827586,3589.110330344828,0.2355871991001125,1.0564216375350952,5.469738960266113,-0.0192749170620801,4551.2988505747135,1.0,0.8660254037844386,0.5000000000000001,-2.0471160411834717,41.5,44.3,4493.548387096774,2.82983870967742,3594.3841825806453,0.5958421230316162,6.029773235321045,0.23708367347717285,-0.0345839806505944,0.2367463133260325,43.573333333333345,40.985,3601.770489844683,0.6489537457625071,0.8794856369495392,7.121148109436035,15.668598969777426,-0.4538026650746663,-0.028836110187826964,-0.037081101523212714,0.0,5652404.0,True,model_complete
2004-03,305.6,38.88,38.89519319534302,0.0151931953430164,3.091935483870968,2680007.909173998,753.52346580488,412.9110074193548,13095.289667741936,7027.593772258064,3584.4906632258067,0.2368904018894803,0.5358779430389404,14.551850318908691,-0.0066088402927971,5031.301075268818,1.0,1.0,6.123233995736766e-17,3.302056312561035,41.6,44.92,4551.2988505747135,4.547552339901478,3589.110330344828,1.0564216375350952,5.469738960266113,-2.0471160411834717,-0.0192749170620801,0.2355871991001125,42.67333333333334,42.41833333333334,4167.6515881844025,0.7117888430754343,0.6571427683035532,5.860840797424316,11.98055108388265,-0.45613781611124676,-0.026445939461734597,-0.032007970490238416,0.0,5652404.0,True,model_complete
2004-04,308.25,38.35,38.34929794549942,-0.0007020545005786,0.0166666666666666,2680993.9183160006,756.59223289281,672.5203092666667,10933.165584333334,11509.08541,3583.0216643333333,0.2481340007348916,0.8825222253799438,14.767240524291992,0.0092082985442302,4012.5766666666673,1.0,0.8660254037844387,-0.4999999999999998,-0.4234929084777832,38.88,41.5,5031.301075268818,3.091935483870968,3584.4906632258067,0.5358779430389404,14.551850318908691,3.302056312561035,-0.0066088402927971,0.2368904018894803,40.660000000000004,42.425000000000004,4692.049437646769,0.7293805678685507,0.6379488706588745,8.68378750483195,10.294894059499105,0.4973413149515788,-0.02015591266849053,-0.025921804646219234,0.0,5652404.0,True,model_complete
2004-05,313.25,37.35,37.36058340072632,0.0105834007263183,0.0,2788019.311560999,897.1773306068,775.8894386774193,9682.399192580646,16636.259642580644,3584.696414193548,0.2279833035888361,0.0073717655614018,21.213579177856445,-0.0090188264060077,3380.4397849462366,1.0,0.49999999999999994,-0.8660254037844387,0.5604572296142578,38.35,41.6,4012.5766666666673,0.0166666666666666,3583.0216643333333,0.8825222253799438,14.767240524291992,-0.4234929084777832,0.0092082985442302,0.2481340007348916,39.61000000000001,41.59166666666667,4531.725530836733,0.8249406019846598,0.7369471738735834,11.5962766011556,9.358712355295816,0.27714912096659344,-0.005558486270215665,-0.017197298229021316,0.0,5652404.0,True,model_complete
2004-06,316.2,36.760000000000005,36.75484255552292,-0.0051574444770849,0.0025,2735166.862207001,985.85230189144,1269.3001909999998,13474.111106666667,12484.252564333332,3587.007641,0.214182609347813,0.0924765542149543,26.048784255981445,-0.0376941688478757,4581.107777777778,1.0,1.2246467991473532e-16,-1.0,-0.45970726013183594,37.35,38.88,3380.4397849462366,0.0,3584.696414193548,0.0073717655614018,21.213579177856445,0.5604572296142578,-0.0090188264060077,0.2279833035888361,38.193333333333335,40.43333333333334,4141.439175627241,0.475257311326762,0.5935230772010982,16.844223340352375,11.352532068888346,1.1463402112325032,-0.0021397893848581983,-0.0142928644232964,0.0,5652404.0,True,model_complete
2004-07,319.0,36.2,36.174688706398015,-0.0253112936019874,0.0,2684789.896010002,945.70942783812,1434.6339300000002,14638.48041935484,5479.908003548388,3583.063550967742,0.219102782257762,0.7008957266807556,28.178512573242188,-0.0428865197562327,5012.2301075268815,1.0,-0.4999999999999997,-0.8660254037844388,-0.292755126953125,36.760000000000005,38.35,4581.107777777778,0.0025,3587.007641,0.0924765542149543,26.048784255981445,-0.45970726013183594,-0.0376941688478757,0.214182609347813,37.48666666666667,39.07333333333333,3991.3747431302277,0.3274568483854333,0.528418708126992,20.67653465270996,14.680161078770956,-0.10758097966512044,-0.012501565569884398,-0.016328739119187467,0.0,5652404.0,True,model_complete
2004-08,327.6,34.47999999999999,34.494175624847415,0.0141756248474251,0.0,2683238.6606079983,928.37288530343,1361.1161077419356,14569.543016129031,4085.3197529032254,3575.846165806452,0.2399732188924886,1.291572332382202,26.476268768310547,-0.028517590661484,5014.218279569893,1.0,-0.8660254037844384,-0.5000000000000004,-0.8940525054931641,36.2,37.35,5012.2301075268815,0.0,3583.063550967742,0.7008957266807556,28.178512573242188,-0.292755126953125,-0.0428865197562327,0.219102782257762,36.77,38.190000000000005,4324.592556750299,0.2669146821523706,0.5459276420685152,25.14695866902669,18.371617635091145,-0.06400171915690105,-0.02986650500337203,-0.017712495636793852,0.0,5652404.0,True,model_complete
2004-09,321.0,35.8,35.79370174884795,-0.0062982511520459,0.0,2682192.730205,916.79730917263,1257.2377053333332,8126.180555,6792.105997666667,3571.0666583333336,0.2417065594180072,0.7466864585876465,23.157804489135746,-0.0441695034099771,2918.582222222222,1.0,-1.0,-1.8369701987210297e-16,-1.0252733230590785,34.47999999999999,36.760000000000005,5014.218279569893,0.0,3575.846165806452,1.291572332382202,26.476268768310547,-0.8940525054931641,-0.028517590661484,0.2399732188924886,35.81333333333333,37.00333333333334,4869.1853882915175,0.6949815377593039,0.585119424543033,26.901188532511394,21.872705936431885,-0.5488382975260416,-0.036366093088530796,-0.0192529412366945,0.0,5652404.0,True,model_complete
2004-10,310.25,37.95,37.95485429763794,0.0048542976379337,0.0,2679622.5510300016,744.06777250478,842.1649645483872,8024.248655806451,8064.054306129032,3570.7012577419355,0.2499243396283018,1.4058241844177246,15.95547103881836,-0.0374946373782873,2817.9419354838706,1.0,-0.8660254037844386,0.5000000000000001,-1.5215930938720703,35.8,36.2,2918.582222222222,0.0,3571.0666583333336,0.7466864585876465,23.157804489135746,-1.0252733230590785,-0.0441695034099771,0.2417065594180072,35.49333333333333,36.49,4315.0102031063325,0.9130515058835348,0.6202541771344839,25.937528610229492,23.307031631469727,-0.7373603185017892,-0.03852453794256459,-0.025513051756224498,0.0,5652404.0,True,model_complete
2004-11,285.4,42.92,42.9133846282959,-0.0066153717041004,0.0975,2677945.979555001,535.36586570641,841.6672925333334,12035.899999,7768.102593666666,3569.687704333333,0.2527842158164375,1.3486247062683103,8.2145357131958,-0.0143996207788624,4464.544444444445,1.0,-0.5000000000000004,0.8660254037844384,-3.076235771179199,37.95,34.47999999999999,2817.9419354838706,0.0,3570.7012577419355,1.4058241844177246,15.95547103881836,-1.5215930938720703,-0.0374946373782873,0.2499243396283018,36.07666666666667,36.42333333333333,3583.5808124253285,1.1480276584625244,0.7074711703074475,21.863181432088215,23.505070050557453,-1.1469729741414376,-0.0367272438165828,-0.03329687440997742,0.0,5652404.0,True,model_complete
2004-12,278.0,44.4,44.42784742832184,0.0278474283218415,1.6491935483870968,2677493.7411100026,476.58537225767,633.212419032258,9748.454303870967,6108.358364193548,3565.7325712903225,0.2601111487702459,1.0198585987091064,5.511568546295166,0.0124855922372147,3959.720430107527,1.0,-2.4492935982947064e-16,1.0,-0.1298227310180664,42.92,35.8,4464.544444444445,0.0975,3569.687704333333,1.3486247062683103,8.2145357131958,-3.076235771179199,-0.0143996207788624,0.2527842158164375,38.89,37.35166666666667,3400.356200716846,1.1670451164245605,0.9310133270919322,15.7759370803833,21.338562806447346,-1.8743673960367826,-0.03202125385570893,-0.03419367347211987,0.0,5652404.0,True,model_complete
2005-01,241.25,51.75,51.733003520965575,-0.0169964790344252,2.82983870967742,2618749.649297002,465.72496865815,186.91105596774196,12632.545697096775,9525.857732903223,3563.411258064516,0.2777006921375277,2.2390286922454834,6.88446044921875,0.0499656421364404,6346.258064516129,1.0,0.49999999999999994,0.8660254037844387,1.091770887374878,44.4,37.95,3959.720430107527,1.6491935483870968,3565.7325712903225,1.0198585987091064,5.511568546295166,-0.1298227310180664,0.0124855922372147,0.2601111487702459,41.75666666666667,38.625,3747.402270011948,1.2581024964650471,1.085577001174291,9.893858432769775,17.915693521499634,-1.5758838653564453,-0.013136221973311662,-0.025830379957938132,0.03302541714994178,5839077.0,True,model_complete
2005-02,187.75,62.45,62.46131610870361,0.0113161087036104,4.547552339901478,2618957.2240719986,518.42368334437,216.01502525,12964.788690357143,8859.65519607143,3560.3535767857143,0.3006864473121827,2.541522026062012,7.514219284057617,0.0770950488841311,8423.880952380952,1.0,0.8660254037844386,0.5000000000000001,-0.0026357173919677734,51.75,42.92,6346.258064516129,2.82983870967742,3563.411258064516,2.2390286922454834,6.88446044921875,1.091770887374878,0.0499656421364404,0.2777006921375277,46.356666666666676,41.21666666666666,4923.507646356034,1.5358373324076335,1.3419324954350789,6.870188236236572,14.366684834162394,-0.7047625382741293,0.016017204531597568,-0.010355019642492616,0.0,5839077.0,True,model_complete
2005-03,117.2,76.56,76.55869407653809,-0.0013059234619134,3.091935483870968,2620776.07724,591.46428650234,326.9705168064516,13055.805100967742,8838.920726129032,3557.419992580645,0.3194445395856608,0.7272075414657593,9.560100555419922,0.0992298254043981,5447.215053763441,1.0,1.0,6.123233995736766e-17,-1.6896934509277344,62.45,44.4,8423.880952380952,4.547552339901478,3560.3535767857143,2.541522026062012,7.514219284057617,-0.0026357173919677734,0.0770950488841311,0.3006864473121827,52.86666666666667,45.87833333333333,6243.286482334869,1.9334697723388672,1.5502574443817139,6.636749426523845,11.206343253453573,0.31977081298828125,0.0465154277525954,0.0072470869484432335,0.0,5839077.0,True,model_complete
2005-04,90.25,81.95,81.94563966751099,-0.0043603324890142,0.0166666666666666,2622581.828620002,796.1975263476,542.4490483666667,8841.398604666667,18612.14309333333,3557.5210043333336,0.302241469284927,0.48056560754776,13.739225387573242,0.0764969122300718,3746.3333333333335,1.0,0.8660254037844387,-0.4999999999999998,-1.4515080451965332,76.56,51.75,5447.215053763441,3.091935483870968,3557.419992580645,0.7272075414657593,9.560100555419922,-1.6896934509277344,0.0992298254043981,0.3194445395856608,63.586666666666666,52.671666666666674,6739.118023553507,1.8359194199244182,1.5470109581947327,7.986260096232097,8.940059264500936,-0.20018609364827475,0.07543017214165654,0.03114697508417243,0.0,5839077.0,True,model_complete
2005-05,65.4,86.92,86.93046350479126,0.0104635047912609,0.0,2643425.963644997,888.83490108593,697.4377196451612,9710.591398064516,44678.83888064516,3571.597742903225,0.2722192158539421,0.1919955909252166,20.44023895263672,0.0566774208759045,3662.752688172043,1.0,0.49999999999999994,-0.8660254037844387,-0.21288299560546875,81.95,62.45,3746.3333333333335,0.0166666666666666,3557.5210043333336,0.48056560754776,13.739225387573242,-1.4515080451965332,0.0764969122300718,0.302241469284927,73.65333333333334,60.005,5872.476446492576,1.2497650583585105,1.392801195383072,10.27118174235026,8.570684989293417,-1.0479457378387451,0.08427392883953366,0.050145566685565614,0.0,5839077.0,True,model_complete
2005-06,73.75,85.25,85.25286035060883,0.0028603506088273,0.0025,2639471.4271090017,992.18214791019,1373.6301476666667,13133.875,47407.48909,3598.055997666667,0.2563663471634716,0.1971533447504043,24.65351104736328,0.0287717724124423,4585.96,1.0,1.2246467991473532e-16,-1.0,-1.85498046875,86.92,76.56,3662.752688172043,0.0,3571.597742903225,0.1919955909252166,20.44023895263672,-0.21288299560546875,0.0566774208759045,0.2722192158539421,81.81,67.33833333333334,4285.433691756272,0.4665895799795787,1.2000296761592228,14.579854965209961,10.608302195866903,-1.118028163909912,0.07746805283679147,0.06199174029469343,0.0,5839077.0,True,model_complete
2005-07,82.75,83.45,83.44224750995636,-0.0077524900436429,0.0,2625494.115733001,969.29392493778,1707.1401167741935,13825.649203225808,15710.905689677418,3607.7271,0.2461438078881647,0.7980018258094788,29.47274208068848,0.0010621869223108,4787.09247311828,1.0,-0.4999999999999997,-0.8660254037844388,1.0014743804931676,85.25,81.95,4585.96,0.0025,3598.055997666667,0.1971533447504043,24.65351104736328,-1.85498046875,0.0287717724124423,0.2563663471634716,84.70666666666666,74.14666666666666,3998.3486738351253,0.28990484774112696,1.0629121338327725,19.610991795857746,13.798625946044922,-1.173123836517334,0.053982035172806205,0.06470610365723137,0.0,5839077.0,True,model_complete
2005-08,67.6,86.48,86.47766466140747,-0.0023353385925304,0.0,2623133.411742003,895.41275558617,1674.0122903225806,14180.0,8073.789984193548,3604.955172903226,0.2793776213231708,2.037625551223755,26.06711769104004,0.0102114418533254,5065.11935483871,1.0,-0.8660254037844384,-0.5000000000000004,-1.3032035827636719,83.45,86.92,4787.09247311828,0.0,3607.7271,0.7980018258094788,29.47274208068848,1.0014743804931676,0.0010621869223108,0.2461438078881647,85.20666666666666,79.42999999999999,4345.268387096774,0.39571692049503326,0.8227409894267718,24.855497360229492,17.563339551289875,-0.3554630279541004,0.028837126736885866,0.05655552778820976,0.0,5839077.0,True,model_complete
2005-09,46.0,90.8,90.7917127418518,-0.0082872581481865,0.0,2624456.891064001,960.207404673,1569.826075,8343.749998666668,7626.358179333333,3602.2023273333334,0.2800492576058822,0.4598920941352844,23.817758560180664,-0.0077837327876363,2992.48,1.0,-1.0,-1.8369701987210297e-16,-0.36531925201416016,86.48,85.25,5065.11935483871,0.0,3604.955172903226,2.037625551223755,26.06711769104004,-1.3032035827636719,0.0102114418533254,0.2793776213231708,85.06,83.435,4812.72394265233,1.0109269072612126,0.7387582436203957,26.731123606363933,20.655489285786945,-0.7189032236735015,0.013348467062692833,0.04540825994974215,0.0,5839077.0,True,model_complete
2005-10,57.0,88.6,88.60324244499206,0.0032424449920682,0.0,2621304.2688030014,812.28911211435,1055.7946225806452,8353.810191290322,10244.089650967742,3602.3100196774194,0.2656870343834167,0.6798609495162964,17.437238693237305,-0.004379443727815,2983.3688172043007,1.0,-0.8660254037844386,0.5000000000000001,-0.039825439453125,90.8,83.45,2992.48,0.0,3602.2023273333334,0.4598920941352844,23.817758560180664,-0.36531925201416016,-0.0077837327876363,0.2800492576058822,86.91000000000001,85.80833333333334,4281.56394265233,1.098506490389506,0.6942056690653166,26.452539443969727,23.031765619913738,-0.2223494847615548,0.0011632986626666335,0.02757266691773642,0.0,5839077.0,True,model_complete
2005-11,61.0,87.8,87.80568758249282,0.0056875824928255,0.0975,2708798.591544002,672.63550546584,1058.5122106666668,8635.219670666667,8449.166144666666,3602.6453476666666,0.2591870507050705,0.0751213952898979,11.290771484375,-0.0027976943920892,3081.566666666667,1.0,-0.5000000000000004,0.8660254037844384,0.0,88.6,86.48,2983.3688172043007,0.0,3602.3100196774194,0.6798609495162964,17.437238693237305,-0.039825439453125,-0.004379443727815,0.2656870343834167,88.62666666666667,86.91666666666667,3680.322724014337,1.0591261982917786,0.7274215593934059,22.440704981486004,23.648101170857746,-0.5694494247436523,-0.0006505782207086333,0.014093274258088616,0.0,5839077.0,True,model_complete
2005-12,88.75,82.25,82.24412899017334,-0.0058710098266629,1.6491935483870968,2694949.213377001,529.26708247015,807.0257132580645,13032.82895483871,6407.85576516129,3600.1393409677416,0.2508645344651748,0.0701301991939544,6.792910099029541,0.0025853212936023,4605.967741935484,1.0,-2.4492935982947064e-16,1.0,1.1515188217163086,87.8,90.8,3081.566666666667,0.0975,3602.6453476666666,0.0751213952898979,11.290771484375,0.0,-0.0027976943920892,0.2591870507050705,89.06666666666666,87.06333333333333,3019.138494623656,0.40495814631382626,0.7079425267875195,17.51525624593099,22.12318992614746,-0.13504823048909506,-0.0049869569691801665,0.004180755046756334,0.0,5839077.0,True,model_complete
2006-01,177.6,64.48,64.4841480255127,0.0041480255126913,2.82983870967742,2697253.0179059985,548.17714352963,243.83175535483872,13011.189177419355,6628.2945,3596.258379354839,0.2403332050878219,0.2461287379264831,6.514315128326416,0.0082775619113157,4591.655913978494,1.0,0.49999999999999994,0.8660254037844387,0.721625566482544,82.25,88.6,4605.967741935484,1.6491935483870968,3600.1393409677416,0.0701301991939544,6.792910099029541,1.1515188217163086,0.0025853212936023,0.2508645344651748,86.21666666666665,86.56333333333333,3556.9677419354844,0.2750375146667162,0.6867720025281111,11.840306758880615,19.14642310142517,0.37056446075439453,-0.0015306056087672998,-0.00018365347305033335,0.03255034999538453,6029141.0,True,model_complete
2006-02,285.5,42.9,42.90573738098145,0.0057373809814507,0.215,2708164.3224979984,670.29929475645,282.8645526428571,14408.54751785714,6528.281470714285,3591.939637142857,0.2278301502902311,0.0877603515982627,8.466472625732422,-0.0076288101452218,5048.571428571428,1.0,0.8660254037844386,0.5000000000000001,0.9496176242828369,64.48,87.8,4591.655913978494,2.82983870967742,3596.258379354839,0.2461287379264831,6.514315128326416,0.721625566482544,0.0082775619113157,0.2403332050878219,78.17666666666666,83.40166666666666,4093.063440860215,0.13046011080344513,0.5947931545476118,8.199332237243652,15.320018609364828,0.6243814627329508,0.0026883962709429335,0.0010189090251171498,0.0,6029141.0,True,model_complete
2006-03,300.5,39.9,39.89814462661743,-0.0018553733825683,0.0,2630557.018453001,578.90030193043,428.12392787096775,9789.784637741936,8438.20815516129,3589.221947741936,0.2233755288277682,1.160601258277893,8.922359466552734,-0.0048029296919289,3450.5053763440865,1.0,1.0,6.123233995736766e-17,-2.327434539794922,42.9,82.25,5048.571428571428,0.215,3591.939637142857,0.0877603515982627,8.466472625732422,0.9496176242828369,-0.0076288101452218,0.2278301502902311,63.21000000000001,76.13833333333334,4748.731694828469,0.13467309623956672,0.2698156212766965,7.257899284362793,12.38657776514689,0.9409206708272299,0.0010780243532320666,-0.00195446630797405,0.0,6029141.0,True,model_complete
2006-04,295.5,40.9,40.88808133602142,-0.0119186639785766,0.0,2643013.819275001,815.92524315526,708.3334015333334,10131.738655333333,17553.308651333333,3589.942959666667,0.2186926235040043,0.3433696329593658,14.990367889404297,0.0153938385709413,3590.077777777778,1.0,0.8660254037844387,-0.4999999999999998,-0.20036554336547852,39.9,64.48,3450.5053763440865,0.0,3589.221947741936,1.160601258277893,8.922359466552734,-2.327434539794922,-0.0048029296919289,0.2233755288277682,49.093333333333334,67.65499999999999,4363.57757296467,0.49816344926754635,0.3866004819671313,7.967715740203857,9.904011249542236,-0.21873044967651367,-0.001384725975278333,-0.0014576657920228168,0.0,6029141.0,True,model_complete
2006-05,332.0,33.599999999999994,33.599578285217284,-0.0004217147827105,0.1265016685205784,2663879.8610979994,939.3239301058,857.939337,9782.693976774191,30673.842287096773,3598.265160322581,0.2138097276906577,0.0670194774866104,22.13748550415039,-0.0003433700800032,3405.8526881720427,1.0,0.49999999999999994,-0.8660254037844387,1.4843635559082031,40.9,42.9,3590.077777777778,0.0,3589.942959666667,0.3433696329593658,14.990367889404297,-0.20036554336547852,0.0153938385709413,0.2186926235040043,41.23333333333333,59.705000000000005,4029.7181942310976,0.5305770809451739,0.3305185958743095,10.79306666056315,9.496199448903402,-0.5260608196258545,0.000987366244596867,0.0018378812577698998,0.0,6029141.0,True,model_complete
2006-06,347.75,30.450000000000003,30.45985612869262,0.0098561286926184,0.1175,2634593.5740290023,1031.5247731564,1487.4996773333337,13463.626936666667,23423.810323,3609.3583416666665,0.2097317302211154,0.3350659608840942,27.587779998779297,-0.000216544039972,4671.641111111111,1.0,1.2246467991473532e-16,-1.0,1.0792884826660156,33.599999999999994,39.9,3405.8526881720427,0.1265016685205784,3598.265160322581,0.0670194774866104,22.13748550415039,1.4843635559082031,-0.0003433700800032,0.2138097276906577,38.133333333333326,50.67166666666666,3482.145280764636,0.5236634562412897,0.32916827624042827,15.35007095336914,11.303985118865967,-0.3478121757507324,0.0034158462663364006,0.0022469353097842332,0.0,6029141.0,True,model_complete
2006-07,328.25,34.349999999999994,34.34967226982117,-0.0003277301788244,0.0,2634044.564886003,938.226890689,1719.7487167741936,13476.521651612902,8200.899048709678,3608.7867867741934,0.2372941742039028,1.8991129398345947,28.643672943115234,-0.023201886929951,4865.854838709677,1.0,-0.4999999999999997,-0.8660254037844388,0.17240524291992188,30.450000000000003,40.9,4671.641111111111,0.1175,3609.3583416666665,0.3350659608840942,27.587779998779297,1.0792884826660156,-0.000216544039972,0.2097317302211154,34.98333333333333,42.038333333333334,3889.1905256869777,0.24848502377669013,0.37332423652211816,21.57187779744466,14.769796768824259,0.7877621650695801,0.004944641483655366,0.0017799577541885165,0.0,6029141.0,True,model_complete
2006-08,261.6,47.67999999999999,47.685504531860346,0.0055045318603532,0.0,2633165.4968099995,908.5515816989,1673.746301290323,13449.54876451613,7292.847177419355,3604.93256967742,0.2991926214014611,1.4112589359283447,26.18885040283203,0.0028314007807519,5564.591397849462,1.0,-0.8660254037844384,-0.5000000000000004,-1.1814708709716797,34.349999999999994,33.599999999999994,4865.854838709677,0.0,3608.7867867741934,1.8991129398345947,28.643672943115234,0.17240524291992188,-0.023201886929951,0.2372941742039028,32.79999999999999,37.016666666666666,4314.449545997611,0.7670661260684332,0.6488216035068035,26.122979482014973,18.458023071289062,0.9120190938313802,-0.0079206003499754,-0.0034666170526892665,0.0,6029141.0,True,model_complete
2006-09,222.25,55.55,55.54137962341308,-0.0086203765869186,0.0,2632388.6013580016,895.4424954232001,1568.491704,9010.755362666669,7978.477994666667,3602.0823323333334,0.3183496092050586,0.9539428353309632,21.705263137817383,0.0010599649119987,3425.8544444444447,1.0,-1.0,-1.8369701987210297e-16,-2.4778146743774414,47.67999999999999,30.450000000000003,5564.591397849462,0.0,3604.93256967742,1.4112589359283447,26.18885040283203,-1.1814708709716797,0.0028314007807519,0.2991926214014611,37.49333333333333,37.813333333333325,5034.029115890084,1.2151459455490112,0.8694047008951505,27.473434448242188,21.411752700805664,0.023407618204752605,-0.006862343396390365,-0.0017232485650269835,0.0,6029141.0,True,model_complete
2006-10,190.8,61.84,61.84068517684936,0.0006851768493589,0.0,2631313.389049996,782.73945286802,1084.3318012903226,9856.447911612904,21103.575606451614,3606.122903225807,0.2837266988725442,1.3675719499588013,15.883153915405272,0.0004619574130012,3548.1688172043014,1.0,-0.8660254037844386,0.5000000000000001,-1.593910217285158,55.55,34.349999999999994,3425.8544444444447,0.0,3602.0823323333334,0.9539428353309632,21.705263137817383,-2.4778146743774414,0.0010599649119987,0.3183496092050586,45.85999999999999,40.42166666666666,4618.766893667862,1.4214382370313008,0.8349616304039955,25.512595494588215,23.542236646016438,-1.1622934341430664,-0.0064368404124001315,-0.0007460994643723835,0.0,6029141.0,True,model_complete
2006-11,187.5,62.5,62.49943121910096,-0.0005687808990444,0.0933333333333333,2710735.895998001,671.18367968875,1093.5327916666668,10125.401721333334,8676.376704,3607.4583333333335,0.2576880991128144,0.0646143332123756,11.534759521484377,-0.0053534802871043,3621.2,1.0,-0.5000000000000004,0.8660254037844384,0.24398803710937678,61.84,47.67999999999999,3548.1688172043014,0.0,3606.122903225807,1.3675719499588013,15.883153915405272,-1.593910217285158,0.0004619574130012,0.2837266988725442,55.02333333333333,43.91166666666666,4179.538219832737,1.2442579070727031,1.005662016570568,21.25908915201823,23.6910343170166,-1.7510652542114264,0.0014511077019172677,-0.0032347463240290663,0.0,6029141.0,True,model_complete
2006-12,198.5,60.3,60.30010080337525,0.0001008033752469,0.5774193548387097,2629769.632074999,486.16027444197,833.8492077741936,13019.858616129031,7479.282366451613,3604.955806451613,0.2433312214547663,0.3669405579566955,5.065968990325928,-0.0005964157720823,4585.655913978494,1.0,-2.4492935982947064e-16,1.0,-0.5754222869873047,62.5,55.55,3621.2,0.0933333333333333,3607.4583333333335,0.0646143332123756,11.534759521484377,0.24398803710937678,-0.0053534802871043,0.2576880991128144,59.96333333333333,48.72833333333333,3531.741087216249,0.7953763728340467,1.005261159191529,16.37439219156901,21.923913319905598,-1.2759122848510742,-0.0012771859873681325,-0.00406976469187925,0.0,6029141.0,True,model_complete
2007-01,206.8,58.64,58.63633255958557,-0.0036674404144321,2.82983870967742,2676967.1766130007,485.96251318317,253.07881922580643,13015.267906451612,6590.032646129032,3601.413548387097,0.2320057976341392,0.6650757193565369,3.563610315322876,-0.0054146991653048,4584.494623655914,1.0,0.49999999999999994,0.8660254037844387,-2.229079246520996,60.3,61.84,4585.655913978494,0.5774193548387097,3604.955806451613,0.3669405579566955,5.065968990325928,-0.5754222869873047,-0.0005964157720823,0.2433312214547663,61.546666666666674,53.70333333333334,3918.341577060932,0.5997089470426241,1.0105735920369625,10.82796080907186,18.170278151830036,-0.6417814890543619,-0.001829312882061799,-0.004133076647230967,0.022978397751852286,6167681.0,True,model_complete
2007-02,222.25,55.55,55.54900468826294,-0.0009953117370571,5.945535714285714,2676575.202799004,628.42938979366,297.0666316071429,10883.760192857142,8085.141567500001,3598.6307142857145,0.2257256541400748,0.5131367444992065,7.545137405395508,0.0100353879727795,3942.1904761904766,1.0,0.8660254037844386,0.5000000000000001,0.02828240394592285,58.64,62.5,4584.494623655914,2.82983870967742,3601.413548387097,0.6650757193565369,3.563610315322876,-2.229079246520996,-0.0054146991653048,0.2320057976341392,60.48,57.751666666666665,4263.783512544804,0.36554353684186935,0.8049007219572862,6.72144627571106,13.990267713864645,-0.8535044987996413,-0.0037881984081637988,-0.0011685453531232665,0.0,6167681.0,True,model_complete
2007-03,267.25,46.55,46.59084491729736,0.0408449172973632,3.39758064516129,2676969.0611729994,719.19103447937,455.8685451290322,9789.483494838709,11514.602036451612,3597.8506451612902,0.2221942773794882,0.5560230612754822,12.421749114990234,0.0088705062082489,3637.58064516129,1.0,1.0,6.123233995736766e-17,1.1719551086425781,55.55,60.3,3942.1904761904766,5.945535714285714,3598.6307142857145,0.5131367444992065,7.545137405395508,0.02828240394592285,0.0100353879727795,0.2257256541400748,58.163333333333334,59.06333333333333,4370.780337941629,0.515051007270813,0.6552136900524298,5.3915722370147705,10.882982214291891,-0.9254063765207926,0.0013414243451308012,3.211917888133366e-05,0.0,6167681.0,True,model_complete
2007-04,284.0,43.2,43.19353203773498,-0.0064679622650203,0.4066666666666667,2683055.4022810026,815.67458360948,759.1217293000001,10088.964944333333,13132.188411333334,3599.7516666666666,0.224276833794453,0.3092800080776214,15.296162605285645,0.0068052365064252,3599.883333333333,1.0,0.8660254037844387,-0.4999999999999998,0.10542917251586914,46.55,58.64,3637.58064516129,3.39758064516129,3597.8506451612902,0.5560230612754822,12.421749114990234,1.1719551086425781,0.0088705062082489,0.2221942773794882,53.57999999999999,57.56333333333333,4054.755248335894,0.5780785083770752,0.5888937277098497,7.843498945236206,9.335729877154032,-0.34294724464416504,0.004497065005241201,0.0013338760615897,0.0,6167681.0,True,model_complete
2007-05,285.8,42.84,42.81586838960648,-0.0241316103935247,0.0717741935483871,2701520.073113997,903.10367849695,899.1604951935484,9779.908819032258,26174.61476774193,3604.677419354839,0.216386781828951,0.3624790012836456,20.980079650878903,-0.0008381725058358,3409.5559139784946,1.0,0.49999999999999994,-0.8660254037844387,0.3269577026367152,43.2,55.55,3599.883333333333,0.4066666666666667,3599.7516666666666,0.3092800080776214,15.296162605285645,0.10542917251586914,0.0068052365064252,0.224276833794453,48.43333333333334,54.45666666666667,3726.551484895034,0.45947993795076997,0.4125117373963197,11.754349708557129,9.237897992134094,0.43522222836812335,0.008570376895817867,0.0023910892438270335,0.0,6167681.0,True,model_complete
2007-06,286.25,42.75,42.75489283740521,0.0048928374052081,0.0,2730834.662240002,1004.6787499624,1503.950588,13469.42689,17690.634196666666,3610.9413333333337,0.2098551280897528,0.0534631870687007,26.3876953125,-0.0102478607558133,4601.066666666667,1.0,1.2246467991473532e-16,-1.0,-0.12079620361328125,42.84,46.55,3409.5559139784946,0.0717741935483871,3604.677419354839,0.3624790012836456,20.980079650878903,0.3269577026367152,-0.0008381725058358,0.216386781828951,44.196666666666665,51.18,3549.006630824373,0.40926069021224976,0.46215584874153137,16.23266379038493,10.81211801369985,0.5347806612650542,0.004945856736279433,0.003143640540705117,0.0,6167681.0,True,model_complete
2007-07,294.0,41.2,41.21117675304413,0.0111767530441255,0.0,2679832.9546110025,939.9283245032,1727.8510090322582,13076.109683870967,6632.087844838709,3609.467741935484,0.2285341909504026,1.6617439985275269,28.37013435363769,-0.0252077766583988,4555.33870967742,1.0,-0.4999999999999997,-0.8660254037844388,-0.10113334655762074,42.75,43.2,4601.066666666667,0.0,3610.9413333333337,0.0534631870687007,26.3876953125,-0.12079620361328125,-0.0102478607558133,0.2098551280897528,42.93000000000001,48.255,3870.168637992832,0.24174073214332256,0.40990962026019884,20.88797918955485,14.365739067395529,0.1038635571797677,-0.0014269322517412996,0.00153506637674995,0.0,6167681.0,True,model_complete
2007-08,251.0,49.8,49.79789371490479,-0.0021062850952091,0.0,2679820.800211,944.45104346,1681.1639148387096,13075.345896774194,7415.823980645161,3605.562903225806,0.2724029362573406,1.2637780904769895,27.40945625305176,-0.0107781337538239,4858.344086021505,1.0,-0.8660254037844384,-0.5000000000000004,0.03913497924805043,41.2,42.84,4555.33870967742,0.0,3609.467741935484,1.6617439985275269,28.37013435363769,-0.10113334655762074,-0.0252077766583988,0.2285341909504026,42.26333333333333,45.34833333333333,4188.6537634408605,0.6925620622932911,0.5760210001220306,25.245969772338867,18.500159740447998,0.03500938415527107,-0.012097936640015966,-0.00176377987209905,0.0,6167681.0,True,model_complete
2007-09,230.25,53.95,53.98098402023315,0.0309840202331486,0.0,2679097.7623280017,951.2604625062,1570.5526803333337,10152.319051333332,7939.080154666666,3602.267666666666,0.2695696546188355,0.4075063169002533,23.64139747619629,-0.009131705490799,3580.4411111111112,1.0,-1.0,-1.8369701987210297e-16,-0.5416803359985352,49.8,42.75,4858.344086021505,0.0,3605.562903225806,1.2637780904769895,27.40945625305176,0.03913497924805043,-0.0107781337538239,0.2724029362573406,44.583333333333336,44.39000000000001,4671.583154121864,0.9929950920244056,0.7011278911183277,27.389095306396484,21.810879548390705,-0.06093152364095052,-0.015411257056011998,-0.005232700159866283,0.0,6167681.0,True,model_complete
2007-10,218.0,56.4,56.40000195503235,1.955032352896069e-06,0.0,2684872.313383996,826.07268425699,1047.9817145161292,9772.738652903226,8192.405681290322,3601.266129032258,0.2524753394649582,0.2063910514116287,16.990999221801758,-0.0352663461213375,3409.8161290322582,1.0,-0.8660254037844386,0.5000000000000001,-0.4860649108886719,53.95,41.2,3580.4411111111112,0.0,3602.267666666666,0.4075063169002533,23.64139747619629,-0.5416803359985352,-0.009131705490799,0.2695696546188355,48.31666666666666,45.623333333333335,4331.374635603346,1.1110094686349232,0.676375100389123,26.473662694295246,23.68082094192505,-0.20122623443603516,-0.015039205301007233,-0.008233068776374267,0.0,6167681.0,True,model_complete
2007-11,229.0,54.2,54.19917979240417,-0.0008202075958294,0.0008333333333333,2683752.6141149984,733.92793835079,1037.4608043333333,10136.541331333334,7220.804735666667,3599.71,0.2344775788352485,0.4963820278644562,13.22835636138916,-0.0401950673776433,3546.911111111111,1.0,-0.5000000000000004,0.8660254037844384,1.9375848770141602,56.4,49.8,3409.8161290322582,0.0,3601.266129032258,0.2063910514116287,16.990999221801758,-0.4860649108886719,-0.0352663461213375,0.2524753394649582,53.38333333333333,47.82333333333333,3949.5337753882923,0.6258918195962905,0.6592269409447907,22.680617650349934,23.963293711344402,-0.32953675587971887,-0.018392061788653467,-0.015244999214334717,0.0,6167681.0,True,model_complete
2007-12,159.75,68.05,67.97517700195313,-0.0748229980468693,2.024193548387097,2674594.1429329994,446.38413662487,789.7717366451612,13053.3679,6881.203498064516,3596.794193548387,0.2398773190851143,1.861931681632996,3.933241367340088,-0.0031260522776328,5150.05376344086,1.0,-2.4492935982947064e-16,1.0,-1.7081499099731445,54.2,53.95,3546.911111111111,0.0008333333333333,3599.71,0.4963820278644562,13.22835636138916,1.9375848770141602,-0.0401950673776433,0.2344775788352485,54.85,49.71666666666667,3512.389450418161,0.3700931320587794,0.6815441120415926,17.95358435312907,22.671339829762776,0.3032798767089844,-0.028197706329926603,-0.021804481692969297,0.0,6167681.0,True,model_complete
2008-01,124.8,75.03999999999999,75.03767328262329,-0.0023267173767038,5.861290322580645,2625736.786861,489.86150639651,237.19453912903225,13021.220151612904,6722.327546451613,3592.435483870968,0.228573672878406,1.711634874343872,3.7607481479644775,0.0120062452515871,6267.516129032258,1.0,0.49999999999999994,0.8660254037844387,-2.0319414138793945,68.05,56.4,5150.05376344086,2.024193548387097,3596.794193548387,1.861931681632996,3.933241367340088,-1.7081499099731445,-0.0031260522776328,0.2398773190851143,59.550000000000004,53.93333333333334,4035.5936678614103,0.8549015869696936,0.9829555278023084,11.384198983510336,18.92893083890279,-0.08554331461588542,-0.026195821925537866,-0.02061751361327255,0.018269589494009253,6280362.0,True,model_complete
2008-02,58.25,88.35,88.358772315979,0.0087723159790016,11.435344827586206,2627673.0054359995,599.93385186441,269.74052096551725,10470.76896137931,10606.76313586207,3590.295172413793,0.235400249773104,1.1349343061447144,6.476581573486328,0.0262392061111978,4918.96551724138,1.0,0.8660254037844386,0.5000000000000001,-1.0402734279632568,75.03999999999999,54.2,6267.516129032258,5.861290322580645,3592.435483870968,1.711634874343872,3.7607481479644775,-2.0319414138793945,0.0120062452515871,0.228573672878406,65.76333333333334,59.57333333333333,4988.160334528077,1.356649527947108,0.9912706737716993,6.974115292231242,14.827366471290588,-0.6008354822794596,-0.010438291467896333,-0.014415176628274901,0.0,6280362.0,True,model_complete
2008-03,55.75,88.85,88.84573543667793,-0.0042645633220672,9.894354838709678,2672086.8467709995,681.32349813803,428.18715996774193,13502.355551290322,12301.44423935484,3589.241612903226,0.2412855671881328,0.0933282077312469,10.498978614807127,0.0266821862687355,5917.989247311828,1.0,1.0,6.123233995736766e-17,-0.7508153915405291,88.35,68.05,4918.96551724138,11.435344827586206,3590.295172413793,1.1349343061447144,6.476581573486328,-1.0402734279632568,0.0262392061111978,0.235400249773104,77.14666666666666,65.99833333333333,5445.511803238166,1.5695002873738606,0.96979670971632,4.723523696263631,11.33855402469635,-1.593454917271932,0.011706466361717368,-0.008245619984104618,0.0,6280362.0,True,model_complete
2008-04,77.4,84.52,84.5105086326599,-0.0094913673400895,0.7508333333333334,2736915.6540010013,860.01218834853,716.4452207666667,11401.349991666668,18934.130992666665,3591.510666666667,0.2349647701455383,0.0429076440632343,14.268284797668455,0.0048045812502283,4462.252222222222,1.0,0.8660254037844387,-0.4999999999999998,-0.9224486351013201,88.85,75.03999999999999,5917.989247311828,9.894354838709678,3589.241612903226,0.0933282077312469,10.498978614807127,-0.7508153915405291,0.0266821862687355,0.2412855671881328,84.08,71.815,5701.490297861822,0.9799657960732778,0.9174336915214857,6.912102778752645,9.148150881131489,-1.2743434111277268,0.02164254587717347,-0.0022766380241822,0.0,6280362.0,True,model_complete
2008-05,112.5,77.5,77.53068496704101,0.0306849670410116,0.0459677419354838,2630964.166153,878.68406330325,875.0279702580644,12851.230983870968,41697.39268064516,3600.9112903225805,0.2271658863753946,0.4788741767406463,18.124868392944336,-0.0111299492412485,4637.7,1.0,0.49999999999999994,-0.8660254037844387,-2.5282535552978516,84.52,88.35,4462.252222222222,0.7508333333333334,3591.510666666667,0.0429076440632343,14.268284797668455,-0.9224486351013201,0.0048045812502283,0.2349647701455383,87.24,76.50166666666667,5099.7356622584775,0.42372338597973186,0.8901864569634199,10.414614995320637,8.69436514377594,-0.9045124848683687,0.019241991210053867,0.004401849871078767,0.0,6280362.0,True,model_complete
2008-06,79.0,84.2,84.15967798233032,-0.0403220176696805,0.0633333333333333,2654608.862471,1059.8032293248,1635.6158306666666,13298.389513333334,53304.45204333333,3622.9403333333335,0.2211647320055511,0.0864201039075851,26.26790428161621,-0.019029957689137,4661.263333333333,1.0,1.2246467991473532e-16,-1.0,-0.2405872344970703,77.5,88.85,4637.7,0.0459677419354838,3600.9112903225805,0.4788741767406463,18.124868392944336,-2.5282535552978516,-0.0111299492412485,0.2271658863753946,83.62333333333333,80.38499999999999,5005.980489844684,0.20503667617837584,0.8872684817761183,14.297377268473307,9.51045048236847,-1.400505860646567,0.006785606092571767,0.009246036227144564,0.0,6280362.0,True,model_complete
2008-07,52.0,89.6,89.59559602737427,-0.0044039726257238,0.0048387096774193,2630765.8997559985,967.3838677641,2033.361112580645,14073.076996774193,18976.071075483876,3633.107419354839,0.2766012555878911,1.6586682796478271,27.728422164916992,-0.001600364876415,4965.7806451612905,1.0,-0.4999999999999997,-0.8660254037844388,-0.7428455352783203,84.2,84.52,4661.263333333333,0.0633333333333333,3622.9403333333335,0.0864201039075851,26.26790428161621,-0.2405872344970703,-0.019029957689137,0.2211647320055511,82.07333333333334,83.07666666666667,4587.071851851852,0.20273397490382192,0.5913498854885498,19.553685824076336,13.23289430141449,-1.2304298082987473,-0.008451775226719067,0.006595385325227201,0.0,6280362.0,True,model_complete
2008-08,19.0,96.2,96.20014963150024,0.0001496315002356,0.0,2630584.7794640004,955.3451080714,2005.9830009677416,14467.79381935484,8645.896916129033,3631.395483870968,0.2964398985883376,1.0662949085235596,26.937299728393555,-0.0147453469526878,5166.525806451613,1.0,-0.8660254037844384,-0.5000000000000004,-0.43302154541015625,89.6,77.5,4965.7806451612905,0.0048387096774193,3633.107419354839,1.6586682796478271,27.728422164916992,-0.7428455352783203,-0.001600364876415,0.2766012555878911,83.76666666666667,85.50333333333333,4754.9146594982085,0.7413208534320196,0.5825221197058758,24.040398279825848,17.227506637573242,-1.1705621083577473,-0.010586757268933501,0.004327616970560183,0.0,6280362.0,True,model_complete
2008-09,20.4,95.92,95.92141629457474,0.0014162945747386,0.0,2630149.136070994,1005.0357049904,1872.9443646666664,12156.16619,7765.685398,3628.189666666666,0.2913812203684811,0.3976771831512451,24.016807556152344,-0.0063435622332105,4393.405555555556,1.0,-1.0,-1.8369701987210297e-16,-0.16627025604248047,96.2,84.2,5166.525806451613,0.0,3631.395483870968,1.0662949085235596,26.937299728393555,-0.43302154541015625,-0.0147453469526878,0.2964398985883376,90.0,86.81166666666667,4931.1899283154125,0.9371277640263239,0.5710822201023499,26.977875391642254,20.63762633005778,-0.4721514383951823,-0.011791889839413266,-0.0025031418734207497,0.0,6280362.0,True,model_complete
2008-10,26.0,94.8,94.7921809387207,-0.0078190612792923,0.0,2651834.5884300023,872.04469364147,1234.073958064516,12175.452496774196,6891.211601612904,3625.306451612904,0.2564798141118929,0.2782812416553497,17.521892547607422,-0.0267350746684148,4261.869892473118,1.0,-0.8660254037844386,0.5000000000000001,0.04482841491699219,95.92,89.6,4393.405555555556,0.0,3628.189666666666,0.3976771831512451,24.016807556152344,-0.16627025604248047,-0.0063435622332105,0.2913812203684811,93.90666666666668,87.99000000000001,4841.904002389488,1.0408801237742107,0.6218070493390163,26.22750981648763,22.890597820281982,-0.44737911224365234,-0.007563091354104433,-0.00800743329041175,0.0,6280362.0,True,model_complete
2008-11,48.25,90.35,90.34587364196776,-0.0041263580322237,0.0,2627142.379472001,675.38669542999,1208.4218073333332,10132.94489,6990.349930666666,3622.812,0.2374378171179956,0.7744393944740295,11.744319915771484,-0.0229129269050921,3551.6777777777784,1.0,-0.5000000000000004,0.8660254037844384,0.4535484313964844,94.8,96.2,4261.869892473118,0.0,3625.306451612904,0.2782812416553497,17.521892547607422,0.04482841491699219,-0.0267350746684148,0.2564798141118929,95.64,89.70333333333333,4607.267084826763,0.5807511111100515,0.6610359822710354,22.82533327738444,23.432865778605144,-0.18482112884521484,-0.0159413279514377,-0.0132640426101856,0.0,6280362.0,True,model_complete
2008-12,53.6,89.28,89.28496167659759,0.0049616765975883,2.786290322580645,2625770.5983499987,496.0747333312,918.612583451613,13020.039316129032,6023.593413225806,3619.945483870968,0.2438052171435426,1.6938230991363523,5.2412638664245605,-0.0118448626856307,4916.623655913979,1.0,-2.4492935982947064e-16,1.0,-0.4001274108886719,90.35,95.92,3551.6777777777784,0.0,3622.812,0.7744393944740295,11.744319915771484,0.4535484313964844,-0.0229129269050921,0.2374378171179956,93.69,91.84500000000001,4068.9844086021512,0.48346593976020813,0.7102968518932661,17.761006673177082,22.369441032409668,0.1107021967569987,-0.01866385460223913,-0.015227872220826201,0.0,6280362.0,True,model_complete
2009-01,39.0,92.2,92.19167306900025,-0.0083269309997575,6.809677419354839,2688308.322391,573.94704451343,281.1103995483871,13048.86369032258,6405.926960967742,3615.87064516129,0.2368844276252128,0.5155701041221619,6.41040563583374,0.0061700578821355,4927.419354838709,1.0,0.49999999999999994,0.8660254037844387,0.6177160739898682,89.28,94.8,4916.623655913979,2.786290322580645,3619.945483870968,1.6938230991363523,5.2412638664245605,-0.4001274108886719,-0.0118448626856307,0.2438052171435426,91.47666666666667,92.69166666666666,4243.390442054959,0.9155145784219106,0.9781973510980606,11.502492109934488,18.86500096321106,0.03274981180826823,-0.020497621419712533,-0.014030356386908485,0.009998149788180921,6343154.0,True,model_complete
2009-02,29.0,94.2,94.19622941017153,-0.0037705898284912,6.061607142857143,2687946.5121969986,668.63669423172,331.0119034642857,10836.206410714283,6785.725163214286,3613.0842857142857,0.2390091172897827,0.8646641969680786,7.618886470794678,0.0121902064104908,4237.261904761905,1.0,0.8660254037844386,0.5000000000000001,0.10203146934509277,92.2,90.35,4927.419354838709,6.809677419354839,3615.87064516129,0.5155701041221619,6.41040563583374,0.6177160739898682,0.0061700578821355,0.2368844276252128,90.61,93.125,4465.240262843489,0.994610865910848,0.7876809885104498,7.798663139343262,15.311998208363852,0.2237123648325602,-0.009529243902862432,-0.012735285927150066,0.0,6343154.0,True,model_complete
2009-03,39.4,92.12,92.11982626914978,-0.0001737308502214,3.3701612903225806,2710275.4652839974,688.3391169307,503.0333512258064,10179.22721,7550.081203870968,3611.205483870968,0.2399148057615452,0.181043729186058,11.315974235534668,0.0032837641137302,4074.440860215054,1.0,1.0,6.123233995736766e-17,0.06618022918701172,94.2,89.28,4237.261904761905,6.061607142857143,3613.0842857142857,0.8646641969680786,7.618886470794678,0.10203146934509277,0.0121902064104908,0.2390091172897827,91.89333333333333,92.79166666666667,4693.768305171531,1.024685800075531,0.7540758699178696,6.423518657684326,12.092262665430704,0.10654004414876302,0.0021718005356652,-0.008246027033286966,0.0,6343154.0,True,model_complete
2009-04,73.25,85.35,85.35017072677613,0.0001707267761332,0.0,2691173.1182560003,829.36129238888,818.7229665666667,10150.336901,12086.166985666669,3610.098,0.230150719160105,0.2523737251758575,13.960064888000488,-0.0120172072001099,3757.794444444444,1.0,0.8660254037844387,-0.4999999999999998,-1.230668544769287,92.12,92.2,4074.440860215054,3.3701612903225806,3611.205483870968,0.181043729186058,11.315974235534668,0.06618022918701172,0.0032837641137302,0.2399148057615452,92.83999999999999,92.15833333333335,4413.040706605223,0.5204260100920995,0.7179702942570049,8.448422114054361,9.975457111994425,0.2619759241739909,0.007214676135452167,-0.006641472642130182,0.0,6343154.0,True,model_complete
2009-05,100.0,80.0,79.99511775970458,-0.0048822402954158,0.0,2695763.6723200013,952.95060200245,997.2493184193548,9468.904208387095,43232.36118709677,3618.99,0.2239768974695407,0.8797431588172913,22.58987045288086,-0.008212939441194,3386.3967741935485,1.0,0.49999999999999994,-0.8660254037844387,1.9367485046386719,85.35,94.2,3757.794444444444,0.0,3610.098,0.2523737251758575,13.960064888000488,-1.230668544769287,-0.0120172072001099,0.230150719160105,90.55666666666667,90.58333333333333,4023.1657364738007,0.43269388377666473,0.7136523748437562,10.964975198109945,9.381819168726603,-0.35415228207906085,0.0011522544413703668,-0.004188494730746033,0.0,6343154.0,True,model_complete
2009-06,70.8,85.84,85.83965921401978,-0.000340785980228,0.0741666666666666,2703937.264677,1016.07448943149,1787.316697,11161.930643666668,35836.14209,3635.756666666666,0.2283524806370104,0.3628453016281128,23.7602653503418,-0.0182439798818388,3842.413333333333,1.0,1.2246467991473532e-16,-1.0,-2.748226165771481,80.0,92.12,3386.3967741935485,0.0,3618.99,0.8797431588172913,22.58987045288086,1.9367485046386719,-0.008212939441194,0.2239768974695407,85.82333333333334,88.85833333333333,3739.5440262843495,0.43772020439306897,0.7312030022342998,15.955303192138672,11.189410924911499,0.25742006301879883,-0.0056487941758579,-0.00173849682009635,0.0,6343154.0,True,model_complete
2009-07,54.0,89.2,89.20410784721375,0.0041078472137456,0.0040322580645161,2692721.938336001,1020.75394965887,2154.290415483871,13058.111106451612,15498.017613548389,3641.794193548387,0.2317914599394066,0.9086724519729614,29.17026138305664,-0.029273751660145,4561.1612903225805,1.0,-0.4999999999999997,-0.8660254037844388,0.6989936828613281,85.84,85.35,3842.413333333333,0.0741666666666666,3635.756666666666,0.3628453016281128,23.7602653503418,-2.748226165771481,-0.0182439798818388,0.2283524806370104,83.73,88.28500000000001,3662.2015173237755,0.49832072854042053,0.50937336931626,20.103400230407715,14.275911172231039,-0.6807154019673654,-0.012824708841047567,-0.0028050163527977,0.0,6343154.0,True,model_complete
2009-08,102.5,79.5,79.5027925491333,0.0027925491333036,0.0,2692288.446607999,1019.06830699698,2113.5614003225805,13046.498829032258,6590.275200645161,3639.297419354839,0.2304312956088048,0.5067828893661499,27.62041473388672,-0.0427956126461437,4549.665591397849,1.0,-0.8660254037844384,-0.5000000000000004,0.2500934600830078,89.2,80.0,4561.1612903225805,0.0040322580645161,3641.794193548387,0.9086724519729614,29.17026138305664,0.6989936828613281,-0.029273751660145,0.2317914599394066,85.01333333333334,87.78500000000001,3929.990465949821,0.7170869708061218,0.5748904272913933,25.173465728759766,18.069220463434856,-0.03749465942382694,-0.018576890327725932,-0.008712317943177783,0.0,6343154.0,True,model_complete
2009-09,152.2,69.56,69.54606342315674,-0.0139365768432639,0.0,2690987.727191,1002.87113712353,1977.858304,10049.55044,6566.356859333333,3636.3566666666666,0.237070603853683,0.5557041764259338,24.41262435913086,-0.0457383786041201,3526.897777777778,1.0,-1.0,-1.8369701987210297e-16,0.22954654693603516,79.5,85.84,4549.665591397849,0.0,3639.297419354839,0.5067828893661499,27.62041473388672,0.2500934600830078,-0.0427956126461437,0.2304312956088048,84.84666666666668,85.335,4317.746738351255,0.5927668809890747,0.5152435426910719,26.850313822428387,21.402808507283527,-0.5997130076090483,-0.030104448062709167,-0.017876621119283533,0.0,6343154.0,True,model_complete
2009-10,226.0,54.8,54.8796611404419,0.0796611404418996,0.0,2714193.522036999,825.3933912672,1312.0676154838711,10081.204702903226,7016.042059677419,3634.3270967741937,0.2310499396230377,0.1210462227463722,15.392573356628418,-0.0506237430016317,3512.490322580645,1.0,-0.8660254037844386,0.5000000000000001,-2.0844907760620117,69.56,89.2,3526.897777777778,0.0,3636.3566666666666,0.5557041764259338,24.41262435913086,0.22954654693603516,-0.0457383786041201,0.237070603853683,79.42,81.575,4212.574886499403,0.6570531725883484,0.5776869505643845,27.067766825358074,23.585583527882893,0.39287789662679035,-0.03926924763680293,-0.02604697823892525,0.0,6343154.0,True,model_complete
2009-11,253.25,49.35,49.33815221786499,-0.011847782135014,0.0975,2694114.1587729994,713.75871145072,1288.037181,11625.947436666667,7294.827643333334,3632.285333333333,0.2226651165232784,0.233463779091835,11.573478698730469,-0.0540250957791575,4028.0,1.0,-0.5000000000000004,0.8660254037844384,0.28270721435546875,54.8,79.5,3512.490322580645,0.0,3634.3270967741937,0.1210462227463722,15.392573356628418,-2.0844907760620117,-0.0506237430016317,0.2310499396230377,67.95333333333333,76.48333333333333,3863.0178972520916,0.39451109617948527,0.5557990334928036,22.475204149882,23.82433493932088,-0.5349502563476562,-0.046385911417298496,-0.032481400872512216,0.0,6343154.0,True,model_complete
2009-12,275.4,44.92,44.92228136062622,0.0022813606262204,3.4483870967741934,2686693.9759830004,493.1160711229,974.4922176129032,14656.28496451613,5617.892969354839,3628.61064516129,0.2301074486275686,1.266408085823059,3.75476336479187,-0.0257571822794976,5144.967741935484,1.0,-2.4492935982947064e-16,1.0,-1.8866279125213623,49.35,69.56,4028.0,0.0975,3632.285333333333,0.233463779091835,11.573478698730469,0.28270721435546875,-0.0540250957791575,0.2226651165232784,57.903333333333336,71.375,3689.1293667861414,0.303404726088047,0.44808580353856087,17.126225471496582,21.988269646962483,-0.5240790049235026,-0.05012907246163643,-0.0401167602621728,0.0,6343154.0,True,model_complete
2010-01,260.75,47.85,47.85421578407288,0.0042157840728762,8.204032258064517,2625937.4476240003,528.62632326525,297.7799256451613,14644.873506451611,7022.178900967741,3623.8632258064513,0.2244287446660117,3.046682119369507,5.342174530029297,-0.0078822108633718,6319.709677419355,1.0,0.49999999999999994,0.8660254037844387,-0.4505150318145752,44.92,54.8,5144.967741935484,3.4483870967741934,3628.61064516129,1.266408085823059,3.75476336479187,-1.8866279125213623,-0.0257571822794976,0.2301074486275686,49.69,64.55499999999999,4228.486021505377,0.5403060292204221,0.5986796009043852,10.240271806716919,18.654019316037495,-1.2294704914093018,-0.04346867368676227,-0.041368960661782604,0.01011925613030984,6407342.0,True,model_complete
2010-02,154.75,69.05,69.03768501281738,-0.01231498718262,15.4,2626273.533493002,615.36343527467,350.5581934642857,11352.763889642856,7423.973638571429,3621.1453571428574,0.2339856823635273,1.522749423980713,6.2047953605651855,0.0322362456374769,4694.642857142857,1.0,0.8660254037844386,0.5000000000000001,-1.3120596408843994,47.85,49.35,6319.709677419355,8.204032258064517,3623.8632258064513,3.046682119369507,5.342174530029297,-0.4505150318145752,-0.0078822108633718,0.2244287446660117,47.373333333333335,57.663333333333334,5164.225806451614,1.515517994761467,0.9550145454704762,6.890138864517212,14.682671507199606,-0.6848119099934896,-0.0292214963073423,-0.0378037038623204,0.0,6407342.0,True,model_complete
2010-03,108.8,78.24000000000001,78.24202423095703,0.0020242309570193,17.847580645161287,2627727.3316910006,646.48981374988,534.159928548387,9796.26359419355,8671.614092903226,3619.8687096774192,0.251905190744684,0.6214438676834106,9.01705265045166,0.0432440668697132,4879.107526881721,1.0,1.0,6.123233995736766e-17,-2.232741355895996,69.05,44.92,4694.642857142857,15.4,3621.1453571428574,1.522749423980713,6.2047953605651855,-1.3120596408843994,0.0322362456374769,0.2339856823635273,53.94,55.92166666666666,5386.4400921659,1.945279876391093,1.12434230123957,5.100577751795451,11.113401611646017,-1.2164008617401123,-0.00046771583513083304,-0.02529839414838363,0.0,6407342.0,True,model_complete
2010-04,77.5,84.5,84.49760316848756,-0.002396831512442,7.005833333333333,2648792.405022996,807.74870725049,871.3339363666668,10115.510475,12650.152908333332,3619.196666666666,0.2587568648916148,0.3335485756397247,13.234251022338867,0.0387308287172833,4797.544444444445,1.0,0.8660254037844387,-0.4999999999999998,-1.9564824104309082,78.24000000000001,47.85,4879.107526881721,17.847580645161287,3619.8687096774192,0.6214438676834106,9.01705265045166,-2.232741355895996,0.0432440668697132,0.251905190744684,65.04666666666667,57.36833333333333,5297.820020481312,1.7302918036778767,1.1352989164491494,6.854674180348714,8.547472993532816,-1.331772009531657,0.022532700547939433,-0.010467986569411418,0.0,6407342.0,True,model_complete
2010-05,64.0,87.2,87.20188164710999,0.0018816471099825,0.064516129032258,2746079.2873349995,909.65158980289,1020.0569977419354,9779.882648064517,20640.785522580645,3622.335806451613,0.2521125959865619,0.0914795473217964,17.76583480834961,0.0189414332889813,3857.352688172043,1.0,0.49999999999999994,-0.8660254037844387,-2.887287139892578,84.5,69.05,4797.544444444445,7.005833333333333,3619.196666666666,0.3335485756397247,13.234251022338867,-1.9564824104309082,0.0387308287172833,0.2587568648916148,77.26333333333334,62.31833333333333,4790.431609489675,0.8259139557679495,1.1707159752647083,9.485366344451904,8.187752604484558,-1.8337611357371013,0.0380703804081578,0.004424442050407751,0.0,6407342.0,True,model_complete
2010-06,55.4,88.92,88.92135293483734,0.0013529348373424,0.0,2715518.785549,1062.60781795948,1768.064023,10099.870926666666,37469.28846666667,3634.154666666667,0.2446996122926478,0.1117413565516471,25.618467330932617,0.0018137212797869,3566.6344444444444,1.0,1.2246467991473532e-16,-1.0,-0.8900241851806641,87.2,78.24000000000001,3857.352688172043,0.064516129032258,3622.335806451613,0.0914795473217964,17.76583480834961,-2.887287139892578,0.0189414332889813,0.2521125959865619,83.31333333333333,68.62666666666667,4511.334886499403,0.34882399688164395,1.1470519366363685,13.339046160380045,9.219811956087748,-2.3588369687398276,0.0336387762919926,0.016585530228430883,0.0,6407342.0,True,model_complete
2010-07,90.0,82.0,81.99998991012573,-1.0089874265872822e-05,0.0,2633293.706967996,1009.67325769684,2099.534839354839,13050.812393548387,9397.20729935484,3637.920967741936,0.2639841909476131,1.8498260974884035,28.57240104675293,-0.0105176895795077,4620.756989247312,1.0,-0.4999999999999997,-0.8660254037844388,0.10113334655761719,88.92,84.5,3566.6344444444444,0.0,3634.154666666667,0.1117413565516471,25.618467330932617,-0.8900241851806641,0.0018137212797869,0.2446996122926478,86.87333333333333,75.96,4073.8438590203114,0.17892315983772275,0.9546074817577997,18.8728510538737,12.863762617111206,-1.9112645785013835,0.0198286610953505,0.021180680821644968,0.0,6407342.0,True,model_complete
2010-08,77.6,84.48,84.48855090141296,0.0085509014129598,0.0,2631195.216462,997.04022645269,2067.7326306451614,13038.3031,10089.529702903226,3635.937419354839,0.295485452104521,1.4054648876190186,26.96061897277832,-0.0064373929361244,4869.633333333334,1.0,-0.8660254037844384,-0.5000000000000004,-0.4097023010253906,82.0,87.2,4620.756989247312,0.0,3637.920967741936,1.8498260974884035,28.57240104675293,0.10113334655761719,-0.0105176895795077,0.2639841909476131,86.04,81.65166666666666,4014.9147072879337,0.684349000453949,0.7551314781109492,23.985567728678387,16.735467036565144,-1.2253926595052083,0.0034124883297534975,0.020741434368955647,0.0,6407342.0,True,model_complete
2010-09,80.5,83.9,83.9043193268776,0.0043193268775922,0.0,2656810.1342,1038.85904247207,1947.524418,8069.835848000001,7202.463693,3633.995333333333,0.2868503278073663,0.4342308044433594,25.131107330322266,-0.0270634636199519,2864.6733333333336,1.0,-1.0,-1.8369701987210297e-16,0.9480295181274414,84.48,88.92,4869.633333333334,0.0,3635.937419354839,1.4054648876190186,26.96061897277832,-0.4097023010253906,-0.0064373929361244,0.295485452104521,85.13333333333334,84.22333333333334,4352.341589008364,1.1223441138863564,0.7355840553840002,27.050495783487957,20.194770971934002,-0.3995310465494792,-0.005047120411948403,0.014295827940022099,0.0,6407342.0,True,model_complete
2010-10,69.5,86.1,86.1004692554474,0.000469255447399,0.0048387096774193,2629169.665058998,855.34282050718,1310.039957096774,8058.204072580645,9562.165743548388,3634.092580645161,0.2762178919656786,0.6315711140632629,17.47706413269043,-0.0159521956096509,2866.344086021505,1.0,-0.8660254037844386,0.5000000000000001,0.0,83.9,82.0,2864.6733333333336,0.0,3633.995333333333,0.4342308044433594,25.131107330322266,0.9480295181274414,-0.0270634636199519,0.2868503278073663,83.46000000000001,85.16666666666667,4118.354551971327,1.229840596516927,0.7043818781773249,26.888042449951172,22.880446751912434,0.2131535212198893,-0.014672848711861336,0.002577906191744582,0.0,6407342.0,True,model_complete
2010-11,54.4,89.12,89.1112760066986,-0.0087239933014018,0.2833333333333333,2693483.677468,683.47416034658,1287.4713173333332,13609.564493333331,6504.530859666667,3632.218,0.2632270091880743,0.2993711233139038,8.953812599182129,-0.0171693485762367,4738.2444444444445,1.0,-0.5000000000000004,0.8660254037844384,-2.336958885192871,86.1,84.48,2866.344086021505,0.0048387096774193,3634.092580645161,0.6315711140632629,17.47706413269043,0.0,-0.0159521956096509,0.2762178919656786,84.82666666666667,85.43333333333334,3533.550250896058,0.8237556020418803,0.7540523012479147,23.18959681193034,23.587582270304363,0.1794424057006836,-0.01648435072190907,-0.006535931196077784,0.0,6407342.0,True,model_complete
2010-12,115.0,77.0,77.02326404571534,0.0232640457153365,1.6491935483870968,2625862.736905004,583.28485440138,972.231751064516,13768.36920967742,6905.889080645162,3628.2629032258064,0.2671997600695798,1.7992535829544067,7.864977836608887,0.0011883895214761,4907.258064516129,1.0,-2.4492935982947064e-16,1.0,2.2235865592956543,89.12,83.9,4738.2444444444445,0.2833333333333333,3632.218,0.2993711233139038,8.953812599182129,-2.336958885192871,-0.0171693485762367,0.2632270091880743,86.37333333333333,85.75333333333333,3489.753954599762,0.45505768060684204,0.7887008972465992,17.18732802073161,22.118911902109783,-0.46297645568847656,-0.02006166926861317,-0.012554394840280784,0.0,6407342.0,True,model_complete
2011-01,93.5,81.3,81.29843282699585,-0.0015671730041475,4.789516129032258,2850147.0,559.19187406232,296.89698070967745,16218.12840967742,4996.7569945161285,3623.46935483871,0.2478835525822371,0.0932708904147148,5.011019229888916,0.004635833352751,5666.645161290323,1.0,0.49999999999999994,0.8660254037844387,-0.781670331954956,77.0,86.1,4907.258064516129,1.6491935483870968,3628.2629032258064,1.7992535829544067,7.864977836608887,2.2235865592956543,0.0011883895214761,0.2671997600695798,84.07333333333334,83.76666666666667,4170.615531660693,0.9100652734438578,1.0699529349803925,11.431951522827148,19.15999698638916,-0.037790775299072266,-0.010644384888137173,-0.012658616799999252,0.010312232435852442,6473416.0,True,model_complete
2011-02,121.5,75.7,75.70204811096191,0.0020481109619083,5.026785714285714,2677748.4835940003,628.50629649634,341.33682575,17359.255439285716,6124.596134642858,3617.434642857143,0.2400895480416638,0.9463087916374208,5.02703857421875,0.0080832771840258,6048.380952380953,1.0,0.8660254037844386,0.5000000000000001,-2.489816427230835,81.3,89.12,5666.645161290323,4.789516129032258,3623.46935483871,0.0932708904147148,5.011019229888916,-0.781670331954956,0.004635833352751,0.2478835525822371,82.47333333333334,83.65,5104.049223416966,0.7306318655610085,0.7771937338014444,7.2766032218933105,15.233100016911825,-0.29834755261739093,-0.0037817085673365358,-0.010133029644622801,0.0,6473416.0,True,model_complete
2011-03,134.4,73.12,73.11611528396607,-0.0038847160339372,3.820967741935484,2706577.511478001,766.77813922669,508.60782787096775,16804.066896774195,9488.532492580644,3612.757258064517,0.2359499692602978,0.3198009431362152,11.708077430725098,0.0251477974606572,6021.946236559139,1.0,1.0,6.123233995736766e-17,0.4582834243774414,75.7,77.0,6048.380952380953,5.026785714285714,3617.434642857143,0.9463087916374208,5.02703857421875,-2.489816427230835,0.0080832771840258,0.2400895480416638,78.0,82.18666666666667,5540.761392729135,0.9462777550021807,0.7006677178045114,5.967678546905518,11.577503283818563,-0.3493000666300456,0.004635833352750964,-0.007712917957931102,0.0,6473416.0,True,model_complete
2011-04,162.75,67.45,67.45616495132447,0.0061649513244645,0.0766666666666666,2685926.4257990005,888.33948494012,819.8459249,15797.92663,18418.86826433333,3610.292333333333,0.2370450183312215,0.4697429835796356,15.106341361999512,0.0163732457247701,5547.888888888888,1.0,0.8660254037844387,-0.4999999999999998,-0.08439207077026367,73.12,81.3,6021.946236559139,3.820967741935484,3612.757258064517,0.3198009431362152,11.708077430725098,0.4582834243774414,0.0251477974606572,0.2359499692602978,76.70666666666666,80.39,5912.324116743472,0.45312687506278354,0.6815960742533207,7.248711744944255,9.340331633885702,-0.9377344449361166,0.01262230266581133,0.0009889588888370826,0.0,6473416.0,True,model_complete
2011-05,186.0,62.8,62.78104419708252,-0.0189558029174747,0.0,2746827.7722519976,890.2278779615,978.1992166129032,19047.00657096774,40129.48346451613,3616.4093548387095,0.2266025391064384,0.2040938138961792,17.920791625976562,-0.0059814070424035,6540.755913978494,1.0,0.49999999999999994,-0.8660254037844387,-2.732330322265625,67.45,75.7,5547.888888888888,0.0766666666666666,3610.292333333333,0.4697429835796356,15.106341361999512,-0.08439207077026367,0.0163732457247701,0.2370450183312215,72.08999999999999,77.28166666666667,5872.7386926096615,0.5786175727844238,0.6546247191727161,10.613819122314453,8.945211172103882,-0.7053083578745524,0.016534773456484363,0.006376532444573917,0.0,6473416.0,True,model_complete
2011-06,194.25,61.15,61.176593708992,0.0265937089920029,0.0,2780888.585387999,1073.31918473421,1801.3571909999998,23136.76609333333,78337.48093333333,3636.8046666666655,0.2191805827063438,0.026472307741642,25.457353591918945,-0.0172906503264282,7848.432222222222,1.0,1.2246467991473532e-16,-1.0,-1.051137924194336,62.8,73.12,6540.755913978494,0.0,3616.4093548387095,0.2040938138961792,17.920791625976562,-2.732330322265625,-0.0059814070424035,0.2266025391064384,67.79,72.895,6036.863679808841,0.33121258020401,0.6387451676030954,14.911736806233725,10.43970767656962,-0.786146322886149,0.011846545381007932,0.008241189366879448,0.0,6473416.0,True,model_complete
2011-07,209.75,58.05,58.048451566696166,-0.0015484333038315,0.0,2683163.016896998,1027.11404873638,2379.72526,24124.2107483871,51958.03077096774,3657.166774193549,0.2287974710316121,1.045685648918152,27.95352554321289,-0.0285998936104529,8211.090322580645,1.0,-0.4999999999999997,-0.8660254037844388,-0.5177421569824219,61.15,67.45,7848.432222222222,0.0,3636.8046666666655,0.026472307741642,25.457353591918945,-1.051137924194336,-0.0172906503264282,0.2191805827063438,63.800000000000004,70.25333333333333,6645.692341696536,0.23343636840581894,0.34328162173430127,19.494828859965008,13.37177030245463,-1.289286772410075,-0.0022996038813538704,0.005161349392228732,0.0,6473416.0,True,model_complete
2011-08,211.0,57.8,57.802940908074376,0.0029409080743789,0.0,2684048.820848,1041.50326562327,2390.075306451613,24046.27798709677,12677.50464032258,3658.4338709677418,0.2599899788507402,0.93259459733963,28.941255569458008,-0.0145242665190456,8284.75376344086,1.0,-0.8660254037844384,-0.5000000000000004,1.5709342956542969,58.05,62.8,8211.090322580645,0.0,3657.166774193549,1.045685648918152,27.95352554321289,-0.5177421569824219,-0.0285998936104529,0.2287974710316121,60.666666666666664,66.37833333333333,7533.426152927121,0.4254172568519911,0.5020174148182075,23.777223587036133,17.195521354675293,-1.433736801147461,-0.017290650326428205,-0.000377938434971918,0.0,6473416.0,True,model_complete
2011-09,232.25,53.55,53.54239158630371,-0.007608413696289,0.0,2682405.4223630005,1021.26359391454,2216.9918116666668,15494.507166666666,11234.794832333331,3654.0796666666665,0.2583607588669507,0.7750717401504517,24.85818862915039,-0.0319567708026476,5492.132222222223,1.0,-1.0,-1.8369701987210297e-16,0.6751108169555664,57.8,61.15,8284.75376344086,0.0,3658.4338709677418,0.93259459733963,28.941255569458008,1.5709342956542969,-0.0145242665190456,0.2599899788507402,59.0,63.395,8114.758769414576,0.6682508513331413,0.4997317157685757,27.450711568196613,21.181224187215168,0.0006847381591796875,-0.02013827015197557,-0.004145862385483818,0.0,6473416.0,True,model_complete
2011-10,227.25,54.55,54.546542811393735,-0.0034571886062622,0.0,2685055.7387770005,872.97872855546,1467.4278212903223,15549.216167741935,10247.71145967742,3651.576129032258,0.2511302099434248,0.4155212342739105,17.809736251831055,-0.0286662028768967,5409.315053763441,1.0,-0.8660254037844386,0.5000000000000001,0.332672119140625,53.55,58.05,5492.132222222223,0.0,3654.0796666666665,0.7750717401504517,24.85818862915039,0.6751108169555664,-0.0319567708026476,0.2583607588669507,56.46666666666666,60.13333333333333,7329.3254360812425,0.9177839954694113,0.5756101819376152,27.25098991394043,23.372909386952717,0.5761009852091471,-0.025026976977382032,-0.01366329042936795,0.0,6473416.0,True,model_complete
2011-11,250.4,49.92,49.92478256225586,0.0047825622558548,0.8322916666666667,2678682.716129,668.46817906145,1426.609247,18472.31353333333,8907.863103333333,3648.269,0.2488912742112133,0.5725597143173218,9.215584754943848,-0.0294688599465824,6302.099999999999,1.0,-0.5000000000000004,0.8660254037844384,-2.0751867294311523,54.55,57.8,5409.315053763441,0.0,3651.576129032258,0.4155212342739105,17.809736251831055,0.332672119140625,-0.0286662028768967,0.2511302099434248,55.300000000000004,57.98333333333333,6395.400346475508,0.7077291905879974,0.5665732237199943,23.869726816813152,23.82347520192464,0.8595724105834961,-0.025049080066196636,-0.021169865196312417,0.0,6473416.0,True,model_complete
2011-12,215.75,56.85,56.84943620681763,-0.0005637931823727,3.3693548387096777,2677597.536518999,496.70050014621,1065.975108064516,19896.16917741936,7977.106925483871,3642.52870967742,0.2485907058541195,1.2364228963851929,4.063660144805908,-0.0283329311845454,6809.795698924731,1.0,-2.4492935982947064e-16,1.0,-1.5777311325073242,49.92,53.55,6302.099999999999,0.8322916666666667,3648.269,0.5725597143173218,9.215584754943848,-2.0751867294311523,-0.0294688599465824,0.2488912742112133,52.673333333333325,55.836666666666666,5734.515758661888,0.5877175629138947,0.6279842071235181,17.294503211975098,22.372607390085857,-0.355801264444987,-0.0300306112087089,-0.02508444068034223,0.0,6473416.0,True,model_complete
2012-01,191.2,61.760000000000005,61.76849136352539,0.0084913635253869,4.327419354838709,2698092.0751390005,588.18256655546,329.73313606451615,13854.239683870968,8182.070103548387,3638.1170967741937,0.2460787691984641,0.2692904770374298,6.93925666809082,-0.0271970024225083,4761.1612903225805,1.0,0.49999999999999994,0.8660254037844387,1.1465671062469482,56.85,54.55,6809.795698924731,3.3693548387096777,3642.52870967742,1.2364228963851929,4.063660144805908,-1.5777311325073242,-0.0283329311845454,0.2485907058541195,53.77333333333333,55.120000000000005,6173.736917562725,0.7415012816588084,0.8296426385641098,10.362993717193604,18.806991815567017,-1.1067485809326172,-0.0288226646693415,-0.02692482082336177,0.012810547012581885,6556344.0,True,model_complete
2012-02,220.25,55.95,55.93936944961549,-0.0106305503845192,4.587068965517242,2690767.634157,652.00779995397,377.9913608965517,11345.008844827587,7995.033944137931,3636.073103448276,0.240281125750838,0.4299869835376739,7.390952587127685,-0.0136665196743464,3958.275862068965,1.0,0.8660254037844386,0.5000000000000001,-0.1259024143219003,61.760000000000005,49.92,4761.1612903225805,4.327419354838709,3638.1170967741937,0.2692904770374298,6.93925666809082,1.1465671062469482,-0.0271970024225083,0.2460787691984641,56.17666666666667,55.73833333333334,5957.685663082437,0.6927576959133148,0.7002434432506561,6.739500522613525,15.304613669713339,-0.8354502518971761,-0.02833293118454537,-0.026691005625371,0.0,6556344.0,True,model_complete
2012-03,257.0,48.6,48.60679407119751,0.0067940711975111,3.091935483870968,2690682.1103289984,672.39408463934,597.2677840645161,9758.305198387096,10160.616877419354,3635.0874193548384,0.2336604509564265,0.5530034303665161,10.94271469116211,-0.0228541234160255,3615.139784946236,1.0,1.0,6.123233995736766e-17,-0.3070793151855469,55.95,56.85,3958.275862068965,4.587068965517242,3636.073103448276,0.4299869835376739,7.390952587127685,-0.1259024143219003,-0.0136665196743464,0.240281125750838,58.18666666666667,55.43,5176.410950438759,0.6452334523200989,0.6164755076169968,6.131289800008138,11.712896505991617,-0.18568881352742542,-0.023065484427133368,-0.026548047817921135,0.0,6556344.0,True,model_complete
2012-04,272.25,45.55,45.54964981079102,-0.0003501892089801,0.0166666666666666,2702240.0808940018,856.25536755633,981.1566903666668,10189.835546666667,11584.778338,3635.7561666666666,0.2315629577422547,0.3467109203338623,16.380298614501953,-0.0224494823656204,3655.6777777777775,1.0,0.8660254037844387,-0.4999999999999998,1.1895651817321777,48.6,61.760000000000005,3615.139784946236,3.091935483870968,3635.0874193548384,0.5530034303665161,10.94271469116211,-0.3070793151855469,-0.0228541234160255,0.2336604509564265,55.43666666666667,54.605,4111.525645779261,0.4174269636472066,0.5794641226530075,8.424307982126871,9.393650849660238,0.23786179224650036,-0.021239215170960068,-0.02503093992015078,0.0,6556344.0,True,model_complete
2012-05,286.4,42.720000000000006,42.70802645683288,-0.011973543167123,0.0,2789374.499553003,929.903770523,1126.1993693548386,9773.00601,12517.287648709676,3636.026451612903,0.2232945905007573,0.0511136502027511,21.80986595153809,-0.0444666585080677,3373.295698924731,1.0,0.49999999999999994,-0.8660254037844387,1.156744003295902,45.55,55.95,3655.6777777777775,0.0166666666666666,3635.7561666666666,0.3467109203338623,16.380298614501953,1.1895651817321777,-0.0224494823656204,0.2315629577422547,50.03333333333333,53.10500000000001,3743.0311415976594,0.44323377807935077,0.5679957369963328,11.571321964263916,9.15541124343872,0.2521944840749102,-0.019656708485330767,-0.023994819834938067,0.0,6556344.0,True,model_complete
2012-06,307.0,38.6,38.59846755981446,-0.0015324401855423,0.0,2756544.0634830017,1021.5160482944,1787.0651443333334,11908.346675333334,6680.705595666667,3635.737,0.2109130660805509,0.0308634079992771,27.20471954345703,-0.0664838346505151,4031.3,1.0,1.2246467991473532e-16,-1.0,0.69622802734375,42.720000000000006,48.6,3373.295698924731,0.0,3636.026451612903,0.0511136502027511,21.80986595153809,1.156744003295902,-0.0444666585080677,0.2232945905007573,45.623333333333335,51.905,3548.037753882915,0.31694266696770984,0.4810880596439044,16.377626419067383,11.25445810953776,0.679743289947511,-0.029923421429904534,-0.026494452928518947,0.0,6556344.0,True,model_complete
2012-07,319.4,36.120000000000005,36.12222323417664,0.0022232341766326,0.0,2693476.8660490005,969.714314995,2004.3141922580644,14405.725106451611,4627.475370322581,3630.994516129033,0.225465779011327,2.3204171657562256,27.29485321044922,-0.0602630463421083,4916.769892473119,1.0,-0.4999999999999997,-0.8660254037844388,-1.1764144897460938,38.6,45.55,4031.3,0.0,3635.737,0.0308634079992771,27.20471954345703,0.69622802734375,-0.0664838346505151,0.2109130660805509,42.29,48.86333333333334,3686.757825567503,0.14289599284529683,0.28016147824625176,21.79829470316569,15.11130134264628,1.01417907079061,-0.04446665850806774,-0.0328529368395139,0.0,6556344.0,True,model_complete
2012-08,292.75,41.45,41.44725334167481,-0.0027466583251936,0.0,2693647.238073999,963.1851722381,1930.504136451613,13017.157412903223,4693.396772580646,3625.843709677419,0.2531744229139003,1.0318721532821655,27.930498123168945,-0.0588837714490882,4544.903225806452,1.0,-0.8660254037844384,-0.5000000000000004,0.5601768493652344,36.120000000000005,42.720000000000006,4916.769892473119,0.0,3630.994516129033,2.3204171657562256,27.29485321044922,-1.1764144897460938,-0.0602630463421083,0.225465779011327,39.14666666666667,44.59,4107.121863799283,0.8007980746527513,0.6220159263660511,25.436479568481445,18.50390076637268,0.22551918029785276,-0.05707117983356371,-0.03836394415944724,0.0,6556344.0,True,model_complete
2012-09,241.25,51.75,51.69065685272217,-0.0593431472778291,0.0216666666666666,2692397.612132998,976.3269006734,1800.4368043333334,8080.797666666666,4969.236689333334,3622.5453333333335,0.2744798538535985,0.7789803147315979,24.12419891357422,-0.0594449491311646,2784.374444444444,1.0,-1.0,-1.8369701987210297e-16,-0.05887889862060547,41.45,38.6,4544.903225806452,0.0,3625.843709677419,1.0318721532821655,27.930498123168945,0.5601768493652344,-0.0588837714490882,0.2531744229139003,38.723333333333336,42.17333333333334,4497.6577060931895,1.1277175756792228,0.7223301213234663,27.4766902923584,21.92715835571289,0.026663462320963543,-0.06187688414723721,-0.04590015278857087,0.0,6556344.0,True,model_complete
2012-10,237.0,52.6,52.60078257322312,0.0007825732231125,0.0153225806451612,2756606.5660510007,849.36135928558,1192.397405483871,8100.1534,4782.466103548387,3620.475967741936,0.2497561297824456,0.121463157236576,18.19658470153809,-0.0576354406224268,2758.724731182796,1.0,-0.8660254037844386,0.5000000000000001,0.7195205688476598,51.75,36.120000000000005,2784.374444444444,0.0216666666666666,3622.5453333333335,0.7789803147315979,24.12419891357422,-0.05887889862060547,-0.0594449491311646,0.2744798538535985,43.106666666666676,42.69833333333333,4082.0158542413387,1.3770898779233296,0.7599929353843132,26.44985008239746,24.124072392781574,-0.22503884633382162,-0.05953058897412037,-0.05199862374109405,0.0,6556344.0,True,model_complete
2012-11,241.0,51.8,51.799658274650575,-0.000341725349422,0.1783333333333333,2702337.743928999,789.77385652748,1167.4936323333334,12267.688516666669,4587.178036666666,3617.623,0.2371441082695034,0.1548448204994201,12.68686294555664,-0.0558259321136889,4219.022222222223,1.0,-0.5000000000000004,0.8660254037844384,1.3960914611816406,52.6,41.45,2758.724731182796,0.0153225806451612,3620.475967741936,0.121463157236576,18.19658470153809,0.7195205688476598,-0.0576354406224268,0.2497561297824456,48.6,43.873333333333335,3362.667467144564,0.6441052084167799,0.7224516415347656,23.417093912760418,24.42678674062093,0.4069395065307629,-0.0586547204008932,-0.05786295011722845,0.0,6556344.0,True,model_complete
2012-12,246.5,50.7,50.70876162052154,0.0087616205215397,3.1204545454545456,2688813.3758340017,539.8411897825,876.2501843548387,13026.123380645162,4018.435734193549,3612.489623548387,0.2372178427094346,1.1582573652267456,6.047988414764404,-0.0542146559458851,4452.0,1.0,-2.4492935982947064e-16,1.0,0.4065971374511719,51.8,51.75,4219.022222222223,0.1783333333333333,3617.623,0.1548448204994201,12.68686294555664,1.3960914611816406,-0.0558259321136889,0.2371441082695034,52.04999999999999,45.38666666666666,3254.0404659498213,0.35176276415586466,0.7397401699175438,18.335882186889652,22.906286239624023,0.685577710469565,-0.057635440622426766,-0.05975616238483198,0.0,6556344.0,True,model_complete
2013-01,240.8,51.84,51.84056301116944,0.000563011169433,4.610483870967742,2651446.075674,534.4331613117,263.5771364516129,13024.38181935484,3748.115412258064,3606.830967741935,0.2224934856156933,0.8633474707603455,3.593873977661133,-0.0489389024743065,4790.139784946236,1.0,0.49999999999999994,0.8660254037844387,-2.1988155841827393,50.7,52.6,4452.0,3.1204545454545456,3612.489623548387,1.1582573652267456,6.047988414764404,0.4065971374511719,-0.0542146559458851,0.2372178427094346,51.699999999999996,47.403333333333336,3809.915651135006,0.47818844765424723,0.9276391627887884,12.310478687286377,19.380164384841922,0.8407363891601575,-0.05589200956066694,-0.05771129926739365,0.01194964754747474,6634690.0,True,model_complete
2013-02,219.25,56.15,56.15751728057862,0.0075172805786181,4.702678571428571,2652597.048998,637.93998803324,307.0299501428572,10799.991462857142,5393.671098571429,3602.974821428571,0.2234278848100791,0.5056673884391785,5.391016483306885,-0.0465464982243997,3816.988095238096,1.0,0.8660254037844386,0.5000000000000001,-2.1258385181427,51.84,51.8,4790.139784946236,4.610483870967742,3606.830967741935,0.8633474707603455,3.593873977661133,-2.1988155841827393,-0.0489389024743065,0.2224934856156933,51.446666666666665,50.02333333333333,4487.054002389486,0.725483218828837,0.6847942136228085,7.4429084459940595,15.430001179377237,-0.13204232851664224,-0.05299316351129351,-0.05582394195609335,0.0,6634690.0,True,model_complete
2013-03,210.5,57.9,57.874530935287474,-0.0254690647125244,4.021774193548387,2654311.588367,777.69561966906,463.52545796774194,9777.574393548386,5800.562159032258,3600.185483870968,0.2255325254222035,0.3784820437431335,12.568595886230469,-0.0508134590229797,3810.161290322581,1.0,1.0,6.123233995736766e-17,1.3188018798828125,56.15,50.7,3816.988095238096,4.702678571428571,3602.974821428571,0.5056673884391785,5.391016483306885,-2.1258385181427,-0.0465464982243997,0.2234278848100791,52.89666666666667,52.473333333333336,4353.04262672811,0.8424240748087565,0.5970934194823107,5.010959625244141,11.673420906066895,-1.3060189882914226,-0.04990001888153043,-0.053767729751978605,0.0,6634690.0,True,model_complete
2013-04,237.0,52.6,52.604553604125975,0.0045536041259737,0.0591666666666666,2692405.665531002,866.03202214452,748.1699156333333,9258.297596666667,5476.8448806666665,3597.6418333333336,0.2239785226897813,0.110780045390129,15.711198806762695,-0.0550804198215597,3337.331111111111,1.0,0.8660254037844387,-0.4999999999999998,0.5204653739929199,57.9,51.84,3810.161290322581,4.021774193548387,3600.185483870968,0.3784820437431335,12.568595886230469,1.3188018798828125,-0.0508134590229797,0.2255325254222035,55.29666666666666,53.498333333333335,4139.096390168971,0.5824989676475525,0.5303437076508998,7.184495449066162,9.74748706817627,-1.001950740814209,-0.048766286573895305,-0.05232914806728112,0.0,6634690.0,True,model_complete
2013-05,275.5,44.9,44.95522556304932,0.0552255630493192,0.0166666666666666,2754505.1626579994,919.71209790939,849.5909577741936,9782.884092258064,15036.648783870967,3596.970322580645,0.2167027378872299,0.0477746278047561,20.67594146728516,-0.0596189042401033,3397.1365591397844,1.0,0.49999999999999994,-0.8660254037844387,0.022819519042972303,52.6,56.15,3337.331111111111,0.0591666666666666,3597.6418333333336,0.110780045390129,15.711198806762695,0.5204653739929199,-0.0550804198215597,0.2239785226897813,55.550000000000004,53.498333333333335,3654.826832223929,0.33164315919081366,0.5285631890098254,11.22360372543335,9.333256085713705,-0.09552375475565593,-0.05081345902297971,-0.0519033112671366,0.0,6634690.0,True,model_complete
2013-06,286.5,42.7,42.68851723670959,-0.0114827632904095,0.0,2735893.8504910045,1033.8877201187,1395.4802483333333,13442.06312,15234.962590666666,3600.4990000000003,0.2083830407690404,0.0204677805304527,27.79709815979004,-0.0751139870247467,4564.524444444444,1.0,1.2246467991473532e-16,-1.0,1.2886066436767578,44.9,57.9,3397.1365591397844,0.0166666666666666,3596.970322580645,0.0477746278047561,20.67594146728516,0.022819519042972303,-0.0596189042401033,0.2167027378872299,51.79999999999999,52.348333333333336,3514.876320191159,0.17901223897933952,0.510718156894048,16.318578720092773,10.664769172668459,0.6206955909729016,-0.055170927694880904,-0.05253547328820566,0.0,6634690.0,True,model_complete
2013-07,287.8,42.44,42.44686071276665,0.0068607127666524,0.0,2656813.130269001,992.5927372986,1584.0340987096774,13783.294867741935,4841.948751290322,3597.0767741935483,0.2355154491538767,2.7625532150268555,27.900102615356445,-0.0728531128718541,4828.14623655914,1.0,-0.4999999999999997,-0.8660254037844388,-0.5711650848388672,42.7,52.6,4564.524444444444,0.0,3600.4990000000003,0.0204677805304527,27.79709815979004,1.2886066436767578,-0.0751139870247467,0.2083830407690404,46.73333333333333,51.01499999999999,3766.330704898446,0.05967415124177927,0.32108655944466585,21.39474614461263,14.289620796839396,0.61063051223755,-0.0632711036954699,-0.0560186951346826,0.0,6634690.0,True,model_complete
2013-08,263.75,47.25,47.24471658706665,-0.0052834129333518,0.0,2656303.3482249994,981.90907674,1527.6349822580646,13026.43784516129,6519.975164516129,3591.650053870968,0.2654803646427072,2.8017807006835938,26.50379753112793,-0.0710847464511073,4629.659139784946,1.0,-0.8660254037844384,-0.5000000000000004,-0.8665237426757812,42.44,44.9,4828.14623655914,0.0,3597.0767741935483,2.7625532150268555,27.900102615356445,-0.5711650848388672,-0.0728531128718541,0.2355154491538767,43.34666666666667,49.44833333333333,4263.269080047789,0.9435985411206881,0.6376208501557509,25.457714080810547,18.34065890312195,0.24675369262695432,-0.0691953347122347,-0.060004396867607196,0.0,6634690.0,True,model_complete
2013-09,206.0,58.8,58.8071517944336,0.0071517944335965,0.0291666666666666,2655065.974702,937.62651332677,1450.4034146666668,10091.593025,13474.480467666666,3590.477,0.2946808900955495,1.505677342414856,22.99913787841797,-0.0693163800303605,3856.911111111111,1.0,-1.0,-1.8369701987210297e-16,-1.1839399337768555,47.25,42.7,4629.659139784946,0.0,3591.650053870968,2.8017807006835938,26.50379753112793,-0.8665237426757812,-0.0710847464511073,0.2654803646427072,44.129999999999995,47.965,4674.109940262843,1.861600565413634,1.0203064021964867,27.400332768758137,21.859455744425457,-0.049694061279296875,-0.07301728211590269,-0.06409410490539179,0.0,6634690.0,True,model_complete
2013-10,172.0,65.6,65.5921814918518,-0.0078185081481905,0.121774193548387,2725178.3825630005,838.08653957466,978.667638419355,7824.187150645161,7725.920460645161,3591.081290322581,0.262212260973286,0.1554601937532425,15.083069801330566,-0.0675480136096136,2742.1505376344085,1.0,-0.8660254037844386,0.5000000000000001,-2.3939943313598633,58.8,42.44,3856.911111111111,0.0291666666666666,3590.477,1.505677342414856,22.99913787841797,-1.1839399337768555,-0.0693163800303605,0.2946808900955495,49.49666666666667,48.115,4438.238829151732,2.3566704193751016,1.2081722853084405,25.80101267496745,23.59787940979004,-0.8738762537638346,-0.0710847464511073,-0.0671779250732886,0.0,6634690.0,True,model_complete
2013-11,169.25,66.15,66.1551962852478,0.0051962852477913,0.4966666666666667,2652761.2987100026,677.22089378927,967.7036949,11698.844274,7306.429174333333,3589.0361666666668,0.2444974068824848,1.5575919151306152,10.717220306396484,-0.0535236926724635,4049.8,1.0,-0.5000000000000004,0.8660254037844384,-0.5735511779785156,65.6,47.25,2742.1505376344085,0.121774193548387,3591.081290322581,0.1554601937532425,15.083069801330566,-2.3939943313598633,-0.0675480136096136,0.262212260973286,57.21666666666666,50.281666666666666,3742.9069295101544,1.4876394122838974,1.2156189767022927,21.52866840362549,23.493191242218018,-1.4814860026041667,-0.06931638003036046,-0.06925585737129758,0.0,6634690.0,True,model_complete
2013-12,148.6,70.28,70.27656164169312,-0.0034383583068802,2.4685483870967744,2652684.8649260034,549.80136544494,735.5727426129032,9768.738110967744,4735.672766129032,3586.0593548387096,0.2413778007723165,0.5521546006202698,4.913453102111816,-0.0465272779451775,3381.9247311827958,1.0,-2.4492935982947064e-16,1.0,-0.727938175201416,66.15,58.8,4049.8,0.4966666666666667,3589.0361666666668,1.5575919151306152,10.717220306396484,-0.5735511779785156,-0.0535236926724635,0.2444974068824848,63.51666666666667,53.82333333333332,3549.6205495818394,1.0729098170995712,1.4672551912566025,16.266475995381672,21.833404382069904,-1.3838284810384114,-0.0634626954374792,-0.06823998877669095,0.0,6634690.0,True,model_complete
2014-01,173.5,65.3,65.29768159866333,-0.0023184013366659,2.5683333333333334,2878867.768659001,624.78723747056,218.1217842580645,13015.986296774194,4412.515732903226,3581.44935483871,0.2314979711992799,0.0621927306056022,7.77221155166626,-0.0432431946255709,4538.526881720431,1.0,0.49999999999999994,0.8660254037844387,1.9795219898223877,70.28,65.6,3381.9247311827958,2.4685483870967744,3586.0593548387096,0.5521546006202698,4.913453102111816,-0.727938175201416,-0.0465272779451775,0.2413778007723165,67.34333333333332,58.419999999999995,3391.291756272401,0.7550689031680425,1.5558696612715721,10.237914403279623,18.019463539123535,-1.2318278948465984,-0.05586632807575154,-0.06347553726342942,0.014798430672721796,6732873.0,True,model_complete
2014-02,218.5,56.3,56.29946117401123,-0.0005388259887695,1.5434782608695652,2681425.0076590003,735.43903265009,251.17538789285717,10794.040828571427,5774.858379285714,3576.998571428572,0.2265639110484644,0.1824783682823181,10.18276596069336,-0.0490438746129049,3781.7738095238096,1.0,0.8660254037844386,0.5000000000000001,2.6659109592437744,65.3,66.15,4538.526881720431,2.5683333333333334,3581.44935483871,0.0621927306056022,7.77221155166626,1.9795219898223877,-0.0432431946255709,0.2314979711992799,67.24333333333334,62.23,3990.0838709677423,0.7239797487854958,1.1058095805346966,7.8009616533915205,14.664815028508505,0.2260108788808187,-0.0477647217477373,-0.05854055088904889,0.0,6732873.0,True,model_complete
2014-03,239.0,52.2,52.19071178436279,-0.0092882156372127,0.3138888888888889,2652470.260422003,724.02944671804,383.3875319354839,8188.873897741935,7226.015966774194,3575.2911290322577,0.2194954579875091,0.6145950555801392,12.417706489562988,-0.0548445546002389,3016.225806451613,1.0,1.0,6.123233995736766e-17,1.167912483215332,56.3,70.28,3781.7738095238096,1.5434782608695652,3576.998571428572,0.1824783682823181,10.18276596069336,2.6659109592437744,-0.0490438746129049,0.2265639110484644,63.96,63.73833333333332,3900.7418074756783,0.26560856650273,0.6692591918011507,7.6228102048238116,11.944643100102743,1.3058315912882488,-0.046271449061217766,-0.05486707224934848,0.0,6732873.0,True,model_complete
2014-04,257.2,48.56,48.567038488388064,0.007038488388062,0.0708333333333333,2667242.732178,871.10237913419,631.3884874333332,8431.100763666667,13008.504793333334,3575.054,0.2130116685160748,0.2518691718578338,15.639585494995115,-0.0553310838378596,2969.3833333333337,1.0,0.8660254037844387,-0.4999999999999998,0.44885206222534,52.2,65.3,3016.225806451613,0.3138888888888889,3575.2911290322577,0.6145950555801392,12.417706489562988,1.167912483215332,-0.0548445546002389,0.2194954579875091,57.93333333333334,62.63833333333334,3778.8421658986176,0.2864220514893531,0.5207454773286979,10.12422800064087,10.181071201960245,1.937781810760498,-0.0490438746129049,-0.052455101344328216,0.0,6732873.0,True,model_complete
2014-05,278.25,44.35,44.3416014289856,-0.0083985710144034,0.0435483870967741,2781928.0232829982,925.83733862595,761.8990262580645,8022.156410967743,26542.047393548382,3582.3651612903227,0.2025363829292618,0.1268232464790344,20.307130813598636,-0.0729190625237138,2768.194623655914,1.0,0.49999999999999994,-0.8660254037844387,-0.34599113464355113,48.56,56.3,2969.3833333333337,0.0708333333333333,3575.054,0.2518691718578338,15.639585494995115,0.44885206222534,-0.0553310838378596,0.2130116685160748,52.35333333333333,59.79833333333334,3255.7943164362514,0.34964753190676373,0.5368136403461298,12.746685981750488,10.273823817571005,1.4275585015614822,-0.05307317101700113,-0.05041894638236922,0.0,6732873.0,True,model_complete
2014-06,288.75,42.25,42.25231680870056,0.0023168087005629,0.0025,2827901.664662004,1042.88667981333,1413.185724,10053.969353333332,44969.54470333333,3602.029,0.1950491615922248,0.0003725100541487,26.74768447875977,-0.0749494214997586,3453.454444444444,1.0,1.2246467991473532e-16,-1.0,0.23919296264648793,44.35,52.2,2768.194623655914,0.0435483870967741,3582.3651612903227,0.1268232464790344,20.307130813598636,-0.34599113464355113,-0.0729190625237138,0.2025363829292618,48.370000000000005,56.16499999999999,2917.9345878136196,0.33109582463900245,0.2983521955708663,16.121474266052246,11.872142235438028,0.42359113693237366,-0.06103156698727077,-0.05365150802424427,0.0,6732873.0,True,model_complete
2014-07,288.2,42.36,42.35581764578819,-0.0041823542118066,0.0,2654069.0317790024,1011.34532037143,1724.4907077419357,13011.232322580645,11879.695809032257,3609.185322580645,0.2224320613377324,2.4335529804229736,27.965070724487305,-0.0835750497187638,4495.263440860215,1.0,-0.4999999999999997,-0.8660254037844388,-0.5061969757080078,42.25,48.56,3453.454444444444,0.0025,3602.029,0.0003725100541487,26.74768447875977,0.23919296264648793,-0.0749494214997586,0.1950491615922248,45.053333333333335,51.49333333333333,3063.6774671445633,0.12635497613033897,0.20638851380984613,20.898133595784504,15.511180798212687,0.1140179634094256,-0.06773318928711065,-0.05838853195000778,0.0,6732873.0,True,model_complete
2014-08,271.5,45.7,45.70993577003479,0.0099357700347866,0.0008620689655172,2653198.201997001,942.98765467412,1698.2954870967742,13027.809409677418,10004.64652967742,3607.0187096774193,0.2674948730065859,2.1457643508911133,25.552919387817383,-0.0922006779377691,4673.834408602151,1.0,-0.8660254037844384,-0.5000000000000004,-1.8174018859863281,42.36,44.35,4495.263440860215,0.0,3609.185322580645,2.4335529804229736,27.965070724487305,-0.5061969757080078,-0.0835750497187638,0.2224320613377324,42.98666666666667,47.669999999999995,3572.304169653524,0.853582912318719,0.6016152221127413,25.006628672281902,18.876657327016193,-0.20433171590169033,-0.0771478445807454,-0.06511050779887327,0.0,6732873.0,True,model_complete
2014-09,236.8,52.64,52.62992067337037,-0.0100793266296363,0.0291666666666666,2651824.6295660017,920.38353913586,1608.5688126666666,10153.825038666666,10447.010457333332,3605.686333333333,0.2920642100525131,2.159371852874756,24.31726837158203,-0.0837993738596091,3673.252222222223,1.0,-1.0,-1.8369701987210297e-16,0.13419055938720703,45.7,42.25,4673.834408602151,0.0008620689655172,3607.0187096774193,2.1457643508911133,25.552919387817383,-1.8174018859863281,-0.0922006779377691,0.2674948730065859,43.43666666666667,45.903333333333336,4207.517431302269,1.5265632804560785,0.9288295525475405,26.755224863688152,21.438349564870197,-0.6948019663492827,-0.08357504971876384,-0.07230330835301729,0.0,6732873.0,True,model_complete
2014-10,226.0,54.8,54.80308927536011,0.0030892753601108,0.0040322580645161,2661558.4740700014,857.84157974502,1083.0715377419351,9724.550687096777,10339.66292967742,3605.954516129032,0.2880733926990652,0.576530933380127,18.77999687194824,-0.0905322463749836,3513.161290322581,1.0,-0.8660254037844386,0.5000000000000001,1.302932739257809,52.64,42.36,3673.252222222223,0.0291666666666666,3605.686333333333,2.159371852874756,24.31726837158203,0.13419055938720703,-0.0837993738596091,0.2920642100525131,46.900000000000006,45.97666666666667,4280.783357228195,2.2462297280629477,1.1862923520966433,25.945086161295574,23.42160987854004,-0.7298027674357096,-0.086525033838714,-0.07712911156291234,0.0,6732873.0,True,model_complete
2014-11,224.0,55.2,55.21715782880783,0.0171578288078251,0.0,2716565.9163119947,691.80940135251,1064.1601,13054.055417333331,7053.175417333333,3603.421555666667,0.2644712216454633,0.1569298803806305,10.873064994812012,-0.0950247300667057,4488.688888888889,1.0,-0.5000000000000004,0.8660254037844384,-0.4177064895629883,54.8,45.7,3513.161290322581,0.0040322580645161,3605.954516129032,0.576530933380127,18.77999687194824,1.302932739257809,-0.0905322463749836,0.2880733926990652,51.04666666666666,47.01666666666667,3953.415973715651,1.6272223790486653,1.240402645683692,22.883394877115887,23.945011774698894,-0.12675952911377072,-0.08884409939078726,-0.08299597198576633,0.0,6732873.0,True,model_complete
2014-12,222.8,55.44,55.44226777255536,0.0022677725553563,0.442741935483871,2648730.8116639988,536.92890874765,804.8253342258065,14057.7039,7566.130424516129,3599.7316129032256,0.2519353181119484,1.039492130279541,7.024960041046143,-0.0867317677561366,4935.129032258064,1.0,-2.4492935982947064e-16,1.0,1.3835687637329102,55.2,52.64,4488.688888888889,0.0,3603.421555666667,0.1569298803806305,10.873064994812012,-0.4177064895629883,-0.0950247300667057,0.2644712216454633,54.21333333333334,48.824999999999996,3891.700800477897,0.9642775555451711,1.2454204180006248,17.99011007944743,22.37266747156779,0.3398056030273426,-0.0897854501004328,-0.08668024990959833,0.0,6732873.0,True,model_complete
2015-01,222.5,55.5,55.50719022244215,0.0071902224421478,2.140322580645161,2672105.728538001,545.33884533945,242.3414578387097,14020.43613548387,7294.194210967742,3595.4,0.2376164589145891,1.505194902420044,7.104809761047363,-0.0784388054455676,5005.064516129032,1.0,0.49999999999999994,0.8660254037844387,1.3121201992034912,55.44,54.8,4935.129032258064,0.442741935483871,3599.7316129032256,1.039492130279541,7.024960041046143,1.3835687637329102,-0.0867317677561366,0.2519353181119484,55.14666666666667,51.02333333333333,4312.326403823177,0.5909843146800995,1.4186070213715236,12.226007302602133,19.085546731948853,0.7562650044759103,-0.09076291473260863,-0.0886439742856613,0.014843143484215338,6832810.0,True,model_complete
2015-02,203.75,59.25,59.239524841308594,-0.0104751586914062,1.8258928571428568,2684806.541056001,716.50790065378,284.8976551785714,10608.97901,8356.931582142857,3592.8975,0.2430379501717439,0.5467846989631653,10.930317878723145,-0.0495618904725921,4007.5,1.0,0.8660254037844386,0.5000000000000001,3.4134628772735596,55.5,55.2,5005.064516129032,2.140322580645161,3595.4,1.505194902420044,7.104809761047363,1.3121201992034912,-0.0784388054455676,0.2376164589145891,55.38,53.21333333333333,4809.627479091994,0.9005389710267385,1.2638806750377019,8.334278265635172,15.608836571375528,0.7593274911244711,-0.08673176775613663,-0.08778793357346194,0.0,6832810.0,True,model_complete
2015-03,201.6,59.68,59.68193218111992,0.0019321811199191,1.3483870967741935,2674814.930025001,753.49459785866,435.9701635483871,10559.050691935485,8838.07866548387,3591.6621612903227,0.2491042400971908,1.0272769927978516,13.764217376708984,-0.0419467825448071,4223.634408602151,1.0,1.0,6.123233995736766e-17,2.514423370361328,59.25,55.44,4007.5,1.8258928571428568,3592.8975,0.5467846989631653,10.930317878723145,3.4134628772735596,-0.0495618904725921,0.2430379501717439,56.73,55.471666666666664,4649.231182795698,1.0304905772209167,0.9973840663830439,8.353362560272217,13.171736319859823,2.036383946736654,-0.0715774878914321,-0.08068146899593244,0.0,6832810.0,True,model_complete
2015-04,204.0,59.2,59.210333548784256,0.0103335487842528,0.0041666666666666,2684695.799512,830.77675162474,712.1436256666667,10088.525062,9062.955082666664,3590.679333333333,0.2470998245443025,0.3086500465869903,15.12100601196289,-0.0614324721166198,3552.7877777777776,1.0,0.8660254037844387,-0.4999999999999998,-0.06972742080688477,59.68,55.5,4223.634408602151,1.3483870967741935,3591.6621612903227,1.0272769927978516,13.764217376708984,2.514423370361328,-0.0419467825448071,0.2491042400971908,58.14333333333334,56.645,4412.066308243727,1.0264188647270203,0.8087015897035599,10.59978167215983,11.412894487380981,2.4133354822794595,-0.05664915948765561,-0.07370603711013211,0.0,6832810.0,True,model_complete
2015-05,202.75,59.45,59.455128115415576,0.0051281154155731,37.193548387096776,2676309.700872,830.38609196934,822.4282640645162,11363.310937741937,23276.948752903227,3592.4467741935487,0.2398306729053254,0.7741488814353943,17.917715072631836,-0.0668997678249864,3960.494623655914,1.0,0.49999999999999994,-0.8660254037844387,-2.7354068756103516,59.2,59.25,3552.7877777777776,0.0041666666666666,3590.679333333333,0.3086500465869903,15.12100601196289,-0.06972742080688477,-0.0614324721166198,0.2470998245443025,59.376666666666665,57.37833333333333,3927.9740621266424,0.6275705794493357,0.7640547752380371,13.271847089131674,10.803062677383423,1.9527196089426677,-0.050980381711339666,-0.06885607473373816,0.0,6832810.0,True,model_complete
2015-06,196.8,60.64,60.62273485660553,-0.0172651433944679,48.57416666666667,2677796.3185740006,1018.34277395852,1454.2221696666668,13444.445396666668,43189.51953666667,3606.127333333333,0.2328909322052967,0.7669863104820251,26.973108291625977,-0.072367063533353,4562.458888888888,1.0,1.2246467991473532e-16,-1.0,0.4646167755126953,59.45,59.68,3960.494623655914,37.193548387096776,3592.4467741935487,0.7741488814353943,17.917715072631836,-2.7354068756103516,-0.0668997678249864,0.2398306729053254,59.44333333333333,58.086666666666666,3912.30560334528,0.7033586402734121,0.8669246087471644,15.600979487101236,11.977171023686727,-0.09690364201863606,-0.056759674162137765,-0.06416858102678492,0.0,6832810.0,True,model_complete
2015-07,185.5,62.9,62.90380634307861,0.0038063430786152,41.03629032258064,2676883.9727669987,974.94382964013,1779.6993677419357,17047.67407096774,16292.135762903225,3613.8253225806448,0.2533979068075628,2.055251121520996,26.49403381347656,-0.0778343592417196,5993.750537634409,1.0,-0.4999999999999997,-0.8660254037844388,-1.9772338867187536,60.64,59.2,4562.458888888888,48.57416666666667,3606.127333333333,0.7669863104820251,26.973108291625977,0.4646167755126953,-0.072367063533353,0.2328909322052967,59.76333333333334,58.95333333333334,4025.2470967741924,0.61659507950147,0.8215069721142451,20.003943125406902,15.301862398783365,-0.7801725069681803,-0.0668997678249864,-0.061774463656321,0.0,6832810.0,True,model_complete
2015-08,173.0,65.4,65.41137137413025,0.011371374130249,59.06129032258064,2676570.0012809983,968.016072504,1745.7556658064516,12999.827225806452,7575.775594516129,3611.051774193548,0.265804485313972,1.4865577220916748,27.913818359375,-0.0832968205621814,4567.031182795699,1.0,-0.8660254037844384,-0.5000000000000004,0.5434970855712891,62.9,59.45,5993.750537634409,41.03629032258064,3613.8253225806448,2.055251121520996,26.49403381347656,-1.9772338867187536,-0.0778343592417196,0.2533979068075628,60.99666666666667,60.18666666666667,4838.901350059737,1.1987954378128052,0.9131830086310705,23.794952392578125,18.5333997408549,-1.4160079956054699,-0.072367063533353,-0.06167372262234633,0.0,6832810.0,True,model_complete
2015-09,164.6,67.08,67.07624425888062,-0.0037557411193773,33.1375,2675443.0961220018,950.74585231061,1628.7704853333337,12000.87814,7303.615011333333,3607.503,0.2679046764370575,1.184089183807373,24.797096252441406,-0.0892176994446641,4224.29,1.0,-1.0,-1.8369701987210297e-16,0.614018440246582,65.4,60.64,4567.031182795699,59.06129032258064,3611.051774193548,1.4865577220916748,27.913818359375,0.5434970855712891,-0.0832968205621814,0.265804485313972,62.98,61.211666666666666,5041.080203106331,1.4362650513648987,1.0698118458191554,27.126986821492512,21.363983154296875,-0.32304000854492304,-0.07783274777908467,-0.06729621097061123,0.0,6832810.0,True,model_complete
2015-10,148.0,70.4,70.39911015510559,-0.0008898448944165,0.0,2673838.659090998,802.8563783632001,1084.8243261290322,9761.996017419357,11054.155578387095,3606.1887096774194,0.2741450012377815,1.184748649597168,18.709375381469727,-0.0792338269701688,3463.275268817204,1.0,-0.8660254037844386,0.5000000000000001,1.2323112487792969,67.08,62.9,4224.29,33.1375,3607.503,1.184089183807373,24.797096252441406,0.614018440246582,-0.0892176994446641,0.2679046764370575,65.12666666666668,62.445,4928.357240143369,1.575299342473348,1.0959472109874089,26.401649475097656,23.202796300252277,-0.2732394536336275,-0.08344962641618836,-0.07517469712058739,0.0,6832810.0,True,model_complete
2015-11,129.5,74.1,74.09530820846558,-0.0046917915344124,0.585,2672868.247406001,630.53577166527,1083.3096353333333,9695.307541,8506.880650333334,3606.053333333333,0.2693964743301227,0.5801833868026733,8.811890602111816,-0.0692499544956735,3616.6222222222223,1.0,-0.5000000000000004,0.8660254037844384,-2.4788808822631836,70.4,65.4,3463.275268817204,0.0,3606.1887096774194,1.184748649597168,18.709375381469727,1.2323112487792969,-0.0792338269701688,0.2741450012377815,67.62666666666668,64.31166666666667,4084.8654838709676,1.285131851832072,1.2419636448224385,23.80676333109538,23.80085786183675,0.7966089248657227,-0.08391611565900477,-0.07814158959617888,0.0,6832810.0,True,model_complete
2015-12,115.8,76.84,76.84801516532897,0.0080151653289703,1.632258064516129,2671906.4072509995,521.75030247001,823.4281684193548,13942.935483870968,6398.280920645161,3603.104193548387,0.2642267826608669,0.6084258556365967,4.96175479888916,-0.0592660820211783,4914.935483870968,1.0,-2.4492935982947064e-16,1.0,-0.6796364784240723,74.1,67.08,3616.6222222222223,0.585,3606.053333333333,0.5801833868026733,8.811890602111816,-2.4788808822631836,-0.0692499544956735,0.2693964743301227,70.52666666666667,66.75333333333333,3768.0624970131416,0.9830070734024048,1.2096360623836517,17.439454078674316,22.283220450083416,-0.21085039774576822,-0.0792338269701688,-0.07853328737462673,0.0,6832810.0,True,model_complete
2016-01,85.5,82.9,82.89893278121949,-0.0010672187805198,5.375806451612903,2674935.371716001,515.04270534369,247.71690432258063,13943.575267741937,7045.136018709678,3598.490322580645,0.2431320138623219,1.2709943056106567,5.170255184173584,-0.0399582704283184,5000.817204301075,1.0,0.49999999999999994,0.8660254037844387,-0.6224343776702881,76.84,70.4,4914.935483870968,1.632258064516129,3603.104193548387,0.6084258556365967,4.96175479888916,-0.6796364784240723,-0.0592660820211783,0.2642267826608669,73.78,69.45333333333333,3998.2776583034642,0.7911192973454794,1.1832093199094136,10.8276735941569,18.614661534627277,-0.6420687039693197,-0.06924995449567353,-0.07634979045593095,0.016385206086514836,6944767.0,True,model_complete
2016-02,76.0,84.8,84.80067160129548,0.0006716012954797,4.617241379310345,2722719.2638139986,726.30764812625,280.03673262068963,12172.458620689657,8516.43224137931,3595.3193103448275,0.245953387828565,0.3125490248203277,9.947930335998535,-0.0433902468761039,4757.183908045977,1.0,0.8660254037844386,0.5000000000000001,2.43107533454895,82.9,74.1,5000.817204301075,5.375806451612903,3598.490322580645,1.2709943056106567,5.170255184173584,-0.6224343776702881,-0.0399582704283184,0.2431320138623219,77.94666666666667,72.78666666666668,4510.791636798088,0.8198678493499756,1.0524998505910237,6.3146335283915205,15.060698429743448,-1.2603172461191814,-0.056158102315056725,-0.07003710898703076,0.0,6944767.0,True,model_complete
2016-03,127.8,74.44,74.43492202758789,-0.0050779724121099,0.2161290322580645,2720585.91416,775.69528604821,441.5237626129032,11285.18088451613,7899.222874193548,3593.38935483871,0.2438215238566576,0.1125490814447403,13.162023544311523,-0.0398725867045756,4157.860215053764,1.0,1.0,6.123233995736766e-17,1.9122295379638672,84.8,76.84,4757.183908045977,4.617241379310345,3595.3193103448275,0.3125490248203277,9.947930335998535,2.43107533454895,-0.0433902468761039,0.245953387828565,81.51333333333334,76.02,4890.978865406006,0.7306563953558604,0.8568317343791326,6.693313439687093,12.066383759180704,0.37633482615152997,-0.047538199775200206,-0.0633860133726845,0.0,6944767.0,True,model_complete
2016-04,166.75,66.65,66.64329332351684,-0.0067066764831622,0.0,2678845.593710998,837.3179053210999,716.6711666333334,11179.41867,11441.006131666663,3591.554333333333,0.2362281555582218,0.6770982146263123,15.26046085357666,-0.0561599771026821,3987.741111111111,1.0,0.8660254037844387,-0.4999999999999998,0.06972742080688477,74.44,82.9,4157.860215053764,0.2161290322580645,3593.38935483871,0.1125490814447403,13.162023544311523,1.9122295379638672,-0.0398725867045756,0.2438215238566576,80.71333333333335,77.24666666666667,4638.620442466938,0.5653641372919083,0.6782417173186938,9.42673635482788,10.127204974492392,1.2402901649475098,-0.041073701336332626,-0.05516182791600308,0.0,6944767.0,True,model_complete
2016-05,166.2,66.76,66.74723039716483,-0.0127696028351778,0.0,2690393.0591999986,873.7772269385,846.5306553870968,11388.377361935483,31305.74061612903,3596.3996774193547,0.2274069756628042,0.4140236675739288,18.98157119750977,-0.0724473675007886,3960.177419354839,1.0,0.49999999999999994,-0.8660254037844387,-1.6715507507324183,66.65,84.8,3987.741111111111,0.0,3591.554333333333,0.6770982146263123,15.26046085357666,0.06972742080688477,-0.0561599771026821,0.2362281555582218,75.29666666666667,76.62166666666667,4300.928411403617,0.3673987736304601,0.5936333114902179,12.790138244628906,9.552385886510214,1.4710107644399006,-0.0464742702277872,-0.051316186271421975,0.0,6944767.0,True,model_complete
2016-06,167.0,66.6,66.61747767984868,0.0174776798486817,0.0533333333333333,2685985.503347,1046.33604426944,1522.2173013333334,13443.21397,43997.065773333336,3612.699,0.222288105505516,0.7089332342147827,27.915685653686523,-0.0760414127223289,4575.846666666667,1.0,1.2246467991473532e-16,-1.0,1.4071941375732422,66.76,74.44,3960.177419354839,0.0,3596.3996774193547,0.4140236675739288,18.98157119750977,-1.6715507507324183,-0.0724473675007886,0.2274069756628042,69.28333333333335,75.39833333333333,4035.259581839904,0.40122365454832715,0.5659400249520938,15.80135186513265,11.247332652409872,0.10346873601277788,-0.05615997710268209,-0.05184908843894115,0.0,6944767.0,True,model_complete
2016-07,170.5,65.9,65.89800540208816,-0.001994597911846,0.0,2680436.86487,1016.28071968477,1857.7481612903223,15454.066093548388,13074.886562580645,3620.288064516129,0.227494404031617,1.2801401615142822,28.90687370300293,-0.0864482165625247,5292.898924731183,1.0,-0.4999999999999997,-0.8660254037844388,0.4356060028076172,66.6,66.65,4575.846666666667,0.0533333333333333,3612.699,0.7089332342147827,27.915685653686523,1.4071941375732422,-0.0760414127223289,0.222288105505516,66.67,73.69166666666668,4174.588399044205,0.6000183721383413,0.5826912547151248,20.719239234924316,15.072987794876099,-0.06487639745076379,-0.06821625244193319,-0.05464497688913291,0.0,6944767.0,True,model_complete
2016-08,175.4,64.92,64.90775104761124,-0.0122489523887594,0.0,2678939.1087119994,946.53973692675,1802.8729783870967,14630.12868064516,7028.032772903225,3615.905483870968,0.2591799506620878,2.404135704040528,26.25207901000977,-0.114911944621402,5120.486021505377,1.0,-0.8660254037844384,-0.5000000000000004,-1.1182422637939418,65.9,66.76,5292.898924731183,0.0,3620.288064516129,1.2801401615142822,28.90687370300293,0.4356060028076172,-0.0864482165625247,0.227494404031617,66.42,70.85833333333333,4609.641003584229,0.8010323544343313,0.5842155640323957,25.268043518066406,19.029090881347656,0.05708312988281369,-0.07831233226188074,-0.062393301244833964,0.0,6944767.0,True,model_complete
2016-09,154.0,69.2,69.20801345825195,0.0080134582519519,0.0,2678469.4281320027,935.84739995381,1677.932752,11745.262233333337,7748.491441666667,3611.924,0.2751427169030245,1.4346678256988523,22.78886985778809,-0.111006648939728,4077.271111111111,1.0,-1.0,-1.8369701987210297e-16,-1.3942079544067347,64.92,66.6,5120.486021505377,0.0,3615.905483870968,2.404135704040528,26.25207901000977,-1.1182422637939418,-0.114911944621402,0.2591799506620878,65.80666666666667,67.545,4996.410537634409,1.4644030332565308,0.9328133439024291,27.691546122233074,21.74644899368286,0.2415192921956392,-0.0924671913020852,-0.07431358420238365,0.0,6944767.0,True,model_complete
2016-10,126.0,74.8,74.79826803207398,-0.0017319679260197,0.0,2681209.2125310004,856.55373544515,1115.4452177419355,9766.616283225809,7762.617558387097,3610.28,0.2623775728897954,0.2511526346206665,19.64088630676269,-0.1071013532580541,3397.6602150537637,1.0,-0.8660254037844386,0.5000000000000001,2.163822174072262,69.2,65.9,4077.271111111111,0.0,3611.924,1.4346678256988523,22.78886985778809,-1.3942079544067347,-0.111006648939728,0.2751427169030245,66.67333333333335,66.67166666666667,4830.218685782555,1.7063145637512207,1.153166467944781,25.982607523600265,23.350923379262287,-0.6922814051310198,-0.10412227004121823,-0.08616926124157571,0.0,6944767.0,True,model_complete
2016-11,126.0,74.8,74.79399294657632,-0.0060070534236729,0.0,2676338.350845002,672.7408195197,1090.886655,12611.135654,6538.933492333334,3607.0946666666655,0.2473209134687509,1.0438318252563477,12.16326141357422,-0.1031960575763801,4346.2444444444445,1.0,-0.5000000000000004,0.8660254037844384,0.8724899291992205,74.8,64.92,3397.6602150537637,0.0,3610.28,0.2511526346206665,19.64088630676269,2.163822174072262,-0.1071013532580541,0.2623775728897954,69.64,68.03,4198.472449223416,1.3633187214533489,1.0821755379438402,22.893945058186848,24.08099428812663,-0.1162093480428048,-0.11100664893972802,-0.09465949060080438,0.0,6944767.0,True,model_complete
2016-12,121.25,75.75,75.75420461893081,0.0042046189308138,0.0,2674939.619553001,528.26606625146,823.3047128387096,14610.039741935483,5956.703376774193,3603.082258064516,0.2465086998575392,1.5981191396713257,7.064340114593506,-0.0715713193920231,5453.301075268817,1.0,-2.4492935982947064e-16,1.0,1.4229488372802734,74.8,69.2,4346.2444444444445,0.0,3607.0946666666655,1.0438318252563477,12.16326141357422,0.8724899291992205,-0.1031960575763801,0.2473209134687509,72.93333333333334,69.37,3940.3919235364388,0.9098840951919556,1.1871435642242434,18.197672526041668,22.94460932413737,0.5473680496215826,-0.10710135325805407,-0.09978427228006963,0.0,6944767.0,True,model_complete
2017-01,85.2,82.96000000000001,82.96118974685669,0.0011897468566814,2.44758064516129,2584086.1756530013,501.87384382327,246.92441512903227,14316.641706451612,6755.95438,3598.0374193548387,0.2578540914136565,1.864381194114685,5.295229434967041,-0.0350359657853532,6132.247311827957,1.0,0.49999999999999994,0.8660254037844387,-0.49746012687683105,75.75,74.8,5453.301075268817,0.0,3603.082258064516,1.5981191396713257,7.064340114593506,1.4229488372802734,-0.0715713193920231,0.2465086998575392,75.11666666666667,70.895,4399.068578255675,0.9643678665161133,1.335341215133667,12.956162611643473,19.469385067621868,1.486420313517252,-0.0939562434088191,-0.09903925672501866,0.014877532968348595,7048088.0,True,model_complete
2017-02,69.75,86.05,86.05196162223817,0.0019616222381699,0.0687499999999996,2584702.051215999,665.01973859472,288.7189853214286,12796.611414285711,10175.04434857143,3594.6978571428576,0.2538688631285335,1.5987677574157717,9.40937614440918,-0.035665954153984,5772.738095238095,1.0,0.8660254037844386,0.5000000000000001,1.8925211429595947,82.96000000000001,74.8,6132.247311827957,2.44758064516129,3598.0374193548387,1.864381194114685,5.295229434967041,-0.49746012687683105,-0.0350359657853532,0.2578540914136565,77.83666666666667,73.73833333333333,5310.597610513739,1.5021107196807861,1.4327147205670674,8.174276987711588,15.534111022949219,0.5993262132008876,-0.06993444758458546,-0.09047054826215677,0.0,7048088.0,True,model_complete
2017-03,42.0,91.6,91.60587577819824,0.005875778198245,1.8620967741935488,2587938.2817970007,801.46945626746,444.751598,11748.965828064516,14554.546288064515,3594.3932258064515,0.2634537993761435,0.296549379825592,13.909262657165527,-0.0362959425226149,5024.268817204301,1.0,1.0,6.123233995736766e-17,2.659468650817871,86.05,75.75,5772.738095238095,0.0687499999999996,3594.6978571428576,1.5987677574157717,9.40937614440918,1.8925211429595947,-0.035665954153984,0.2538688631285335,81.58666666666669,77.26,5786.0954941116215,1.6870893637339275,1.2984867294629416,7.256315231323242,12.726993878682455,0.9393366177876791,-0.04742441311045343,-0.07726288318425374,0.0,7048088.0,True,model_complete
2017-04,48.5,90.3,90.29979631900788,-0.0002036809921293,0.0,2635174.800091001,870.82548184054,760.1493229333333,10462.211742666666,25102.04274333333,3599.845333333333,0.2619781719075682,0.1978961825370788,15.973136901855469,-0.019008950590124,3853.6311111111113,1.0,0.8660254037844387,-0.4999999999999998,0.7824034690856934,91.6,82.96000000000001,5024.268817204301,1.8620967741935488,3594.3932258064515,0.296549379825592,13.909262657165527,2.659468650817871,-0.0362959425226149,0.2634537993761435,86.87,80.99333333333334,5643.0847414234495,1.2532327771186829,1.1088003218173983,9.53795607884725,11.247059345245361,1.3515098889668782,-0.03566595415398403,-0.06481109878140157,0.0,7048088.0,True,model_complete
2017-05,71.6,85.68,85.67774467468261,-0.0022553253173924,0.0,2588988.145202999,907.82700895546,940.0438452903226,10610.342130645162,37739.55825483871,3610.771935483871,0.246130299258415,0.5737677216529846,19.89149284362793,-0.0435090306123076,3729.1311827956974,1.0,0.49999999999999994,-0.8660254037844387,-0.7616291046142578,90.3,86.05,3853.6311111111113,0.0,3599.845333333333,0.1978961825370788,15.973136901855469,0.7824034690856934,-0.019008950590124,0.2619781719075682,89.31666666666666,83.57666666666667,4883.546007851169,0.6977377732594808,1.0999242464701335,13.097258567810059,10.635767777760824,1.778131087621053,-0.030323615755574296,-0.05012903167007988,0.0,7048088.0,True,model_complete
2017-06,77.5,84.5,84.49967151165009,-0.0003284883499077,0.0075,2659554.5378980027,1067.2479180752,1696.599787,12587.903016666667,45036.35998,3628.201666666667,0.2310059770787393,0.166421428322792,27.770734786987305,-0.0788073680279098,4330.991111111111,1.0,1.2246467991473532e-16,-1.0,1.2622432708740234,85.68,91.6,3729.1311827956974,0.0,3610.771935483871,0.5737677216529846,19.89149284362793,-0.7616291046142578,-0.0435090306123076,0.246130299258415,89.19333333333334,85.39,4202.343703703702,0.3560710946718852,1.0215802292029064,16.59129746754964,11.923806349436441,0.8934143384297689,-0.032937974575015495,-0.04018119384273446,0.0,7048088.0,True,model_complete
2017-07,94.5,81.1,81.09840512275696,-0.0015948772430363,0.007258064516129,2588777.1987040024,974.80768319345,2064.22619967742,13826.212316129033,14463.31135032258,3635.352580645161,0.2651611203612036,3.8199713230133057,28.19987678527832,-0.0820015370574324,4901.22688172043,1.0,-0.4999999999999997,-0.8660254037844388,-0.2713909149169922,84.5,90.3,4330.991111111111,0.0075,3628.201666666667,0.166421428322792,27.770734786987305,1.2622432708740234,-0.0788073680279098,0.2310059770787393,86.82666666666667,86.84833333333334,3971.251135005972,0.3126951108376184,0.7829639439781508,21.211788177490234,15.374872128168741,0.427672545115153,-0.047108449743447134,-0.041387201948715584,0.0,7048088.0,True,model_complete
2017-08,42.0,91.6,91.59602794647216,-0.003972053527832,0.0,2588877.7639400004,991.00433273,2026.7621132258064,14638.985954838708,8053.268626451612,3632.923870967742,0.2980773025279423,1.426145076751709,27.331186294555664,-0.0851957060869551,5270.83870967742,1.0,-0.8660254037844384,-0.5000000000000004,-0.039134979248046875,81.1,85.68,4901.22688172043,0.007258064516129,3635.352580645161,3.8199713230133057,28.19987678527832,-0.2713909149169922,-0.0820015370574324,0.2651611203612036,83.76,86.53833333333334,4320.449725209079,1.5200534909963608,1.1088956321279209,25.287368138631184,19.192313353220623,0.07640775044759114,-0.06810597856588327,-0.04921479716072879,0.0,7048088.0,True,model_complete
2017-09,43.25,91.35,91.34368196725843,-0.0063180327415466,0.145,2589660.768282999,990.47788005541,1889.156107,11143.278133666669,6883.283612,3629.451666666667,0.2786595127549298,0.5755705237388611,23.35140419006348,-0.0883898751164778,3837.345555555556,1.0,-1.0,-1.8369701987210297e-16,-0.8316736221313441,91.6,84.5,5270.83870967742,0.0,3632.923870967742,1.426145076751709,27.331186294555664,-0.039134979248046875,-0.0851957060869551,0.2980773025279423,85.73333333333335,87.46333333333332,4834.352234169653,1.804179276029269,1.080125185350577,27.767265955607098,22.17928171157837,0.31723912556966144,-0.08200153705743245,-0.05746975581622397,0.0,7048088.0,True,model_complete
2017-10,87.6,82.48,82.48773918151855,0.007739181518545,0.2209677419354838,2679923.610345001,886.14724591112,1255.9626038709678,10411.220178709676,8674.472054193548,3627.8380645161287,0.2473526513986512,0.0272696632891893,18.862207412719727,-0.0915840441460005,3507.9623655913983,1.0,-0.8660254037844386,0.5000000000000001,1.3851432800292969,91.35,81.1,3837.345555555556,0.145,3629.451666666667,0.5755705237388611,23.35140419006348,-0.8316736221313441,-0.0883898751164778,0.2786595127549298,88.01666666666667,87.42166666666667,4669.803715651135,1.9405623078346252,1.126628709336122,26.294155756632488,23.75297196706136,-0.38073317209879437,-0.0851957060869551,-0.06615207791520113,0.0,7048088.0,True,model_complete
2017-11,147.0,70.6,70.58617065429688,-0.0138293457031153,0.2691666666666666,2709108.300039,835.96677278716,1236.1443263333333,10588.658510333333,7628.581212666667,3626.110666666667,0.2413853477435855,0.0896149799227714,14.744261741638184,-0.0947782131755232,3554.5,1.0,-0.5000000000000004,0.8660254037844384,3.4534902572631836,82.48,91.6,3507.9623655913983,0.2209677419354838,3627.8380645161287,0.0272696632891893,18.862207412719727,1.3851432800292969,-0.0915840441460005,0.2473526513986512,88.47666666666667,86.11833333333334,4205.38221027479,0.6763284212599198,1.0981909561281404,23.181599299112957,24.23448371887207,0.17144489288330197,-0.08838987511647782,-0.07824792684118054,0.0,7048088.0,True,model_complete
2017-12,201.5,59.7,59.71092853546142,0.0109285354614172,0.0612903225806451,2670298.304735002,603.46818164624,944.5335882903228,12027.607625806451,7858.223784516129,3624.001935483871,0.238772433291836,0.079419121146202,8.509400367736816,-0.0979723822050458,4081.107526881721,1.0,-2.4492935982947064e-16,1.0,2.868009090423584,70.6,91.35,3554.5,0.2691666666666666,3626.110666666667,0.0896149799227714,14.744261741638184,3.4534902572631836,-0.0947782131755232,0.2413853477435855,81.47666666666667,83.605,3633.269307048984,0.23081838898360726,1.0174988325064382,18.985957781473797,23.376611868540447,1.335653305053712,-0.0915840441460005,-0.08679279060171648,0.0,7048088.0,True,model_complete
2018-01,242.2,51.56,51.5591947555542,-0.0008052444458002,0.7048387096774194,2833323.112352001,650.82783899945,291.43993974193546,13991.901319354838,7196.214717741936,3621.0216129032256,0.2315712724000899,0.4894600212574005,8.788864135742188,-0.1011665512345685,4780.075268817204,1.0,0.49999999999999994,0.8660254037844387,2.9961745738983154,59.7,82.48,4081.107526881721,0.0612903225806451,3624.001935483871,0.079419121146202,8.509400367736816,2.868009090423584,-0.0979723822050458,0.238772433291836,70.92666666666666,79.47166666666666,3714.523297491039,0.06543458811938757,1.0029984479770067,14.038623174031576,20.16638946533203,2.568880875905355,-0.09477821317552315,-0.08998695963123914,0.016478227854135774,7164228.0,True,model_complete
2018-02,280.0,44.0,43.9977236366272,-0.0022763633728004,1.023214285714286,2833649.8824090003,680.64568055257,341.6843838214286,13140.178907142856,6962.8163642857135,3617.5832142857134,0.2200835556455301,0.761116087436676,8.567322731018066,-0.1043607202640912,4611.9047619047615,1.0,0.8660254037844386,0.5000000000000001,1.0504677295684814,51.56,70.6,4780.075268817204,0.7048387096774194,3621.0216129032256,0.4894600212574005,8.788864135742188,2.9961745738983154,-0.1011665512345685,0.2315712724000899,60.620000000000005,74.54833333333333,4138.56093189964,0.21949804077545798,0.447913231017689,10.680842081705729,16.931220690409344,3.105891307195028,-0.09797238220504582,-0.09318112866076182,0.0,7164228.0,True,model_complete
2018-03,317.75,36.45,36.45873165130615,0.0087316513061495,0.7258064516129032,2854138.4540360016,705.45835112011,513.4267590322581,13010.505583870969,6423.869106774194,3614.0987096774193,0.2182907742022553,0.4853898584842682,11.434290885925291,-0.1075548892936139,4645.548387096774,1.0,1.0,6.123233995736766e-17,0.18449687957763494,44.0,59.7,4611.9047619047615,1.023214285714286,3617.5832142857134,0.761116087436676,8.567322731018066,1.0504677295684814,-0.1043607202640912,0.2200835556455301,51.75333333333334,66.615,4491.029185867895,0.4433317432800929,0.33707506613185007,8.621862411499023,13.80391009648641,2.3048837979634604,-0.10116655123456848,-0.09637529769028451,0.0,7164228.0,True,model_complete
2018-04,344.75,31.05,31.048865985870364,-0.0011340141296365,0.0,2933110.440164002,926.05262453893,822.6908768666667,11845.117207666666,7049.370362,3610.7846666666665,0.2106499977507197,0.0772387161850929,17.793596267700195,-0.1107490583231365,4213.614444444444,1.0,0.8660254037844387,-0.4999999999999998,2.60286283493042,36.45,51.56,4645.548387096774,0.7258064516129032,3614.0987096774193,0.4853898584842682,11.434290885925291,0.18449687957763494,-0.1075548892936139,0.2182907742022553,44.00333333333334,57.464999999999996,4679.176139272912,0.5786553223927816,0.3220449552560846,9.59682591756185,11.817724545796713,1.4103797276814773,-0.1043607202640912,-0.09956946671980717,0.0,7164228.0,True,model_complete
2018-05,375.6,24.879999999999995,24.888834762573243,0.0088347625732474,0.0,2884317.188020001,975.0419425387,934.9910157419356,11460.547278709677,15742.402279032258,3610.0187096774193,0.2003033280091186,0.090445801615715,21.430036544799805,-0.1139432273526592,4012.590322580645,1.0,0.49999999999999994,-0.8660254037844387,0.7769145965576172,31.05,44.0,4213.614444444444,0.0,3610.7846666666665,0.0772387161850929,17.793596267700195,2.60286283493042,-0.1107490583231365,0.2106499977507197,37.16666666666667,48.893333333333324,4490.355864481992,0.44124822070201236,0.33037313073873525,12.598403294881185,11.639622688293457,1.2792758146921788,-0.10755488929361386,-0.10276363574932984,0.0,7164228.0,True,model_complete
2018-06,386.0,22.8,22.796714191436763,-0.0032858085632376,0.0,2847104.1686779973,1072.4160280323,1509.680211,12771.537501,10671.302292,3611.4926666666665,0.1950602848528485,0.3166593313217163,27.050111770629883,-0.1171373963821819,4415.352222222222,1.0,1.2246467991473532e-16,-1.0,0.5416202545166016,24.879999999999995,36.45,4012.590322580645,0.0,3610.0187096774193,0.090445801615715,21.430036544799805,0.7769145965576172,-0.1139432273526592,0.2003033280091186,30.793333333333337,41.27333333333333,4290.5843847072865,0.21769145876169205,0.3305116010208925,16.885974566141766,12.753918488820394,1.1880914370218907,-0.11074905832313653,-0.10595780477885253,0.0,7164228.0,True,model_complete
2018-07,377.4,24.52000000000001,24.518597769737244,-0.0014022302627658,0.0,2837347.7965970025,1032.7660559848,1696.4833051612902,13989.166880645162,4096.117459032258,3606.831451612903,0.2168913403840383,2.761721611022949,28.71322250366211,-0.1215583245588496,4849.035483870967,1.0,-0.4999999999999997,-0.8660254037844388,0.24195480346679688,22.8,31.05,4415.352222222222,0.0,3611.4926666666665,0.3166593313217163,27.050111770629883,0.5416202545166016,-0.1171373963821819,0.1950602848528485,26.24333333333334,35.12333333333333,4213.852329749104,0.16144794970750806,0.3700516360501449,22.09124819437663,15.844037055969238,1.3071325620015461,-0.1139432273526592,-0.1091519738083752,0.0,7164228.0,True,model_complete
2018-08,350.75,29.849999999999994,29.85083963394166,0.0008396339416663,0.0,2837349.196103001,1020.0612546209,1619.7890051612903,14636.893713548388,4230.250626451613,3600.2740322580644,0.2534947496718545,1.4342602491378784,27.629684448242188,-0.1148776467243503,5068.111827956989,1.0,-0.8660254037844384,-0.5000000000000004,0.25936317443847656,24.52000000000001,24.879999999999995,4849.035483870967,0.0,3606.831451612903,2.761721611022949,28.71322250366211,0.24195480346679688,-0.1215583245588496,0.2168913403840383,24.066666666666674,30.61666666666667,4425.659342891277,1.0562755813201268,0.7487619010110697,25.731123606363933,19.16476345062256,0.5201632181803385,-0.1175463160978969,-0.11255060269575538,0.0,7164228.0,True,model_complete
2018-09,338.0,32.400000000000006,32.40091834068298,0.000918340682972,0.0,2836742.11852,1051.6085314109,1492.2671833333334,11266.836100666667,3857.785853333333,3594.6765,0.2622661213007764,0.5088170766830444,25.690353393554688,-0.108196968889851,3971.742222222223,1.0,-1.0,-1.8369701987210297e-16,1.5072755813598633,29.849999999999994,22.8,5068.111827956989,0.0,3600.2740322580644,1.4342602491378784,27.629684448242188,0.25936317443847656,-0.1148776467243503,0.2534947496718545,25.72333333333334,28.25833333333333,4777.4998446833915,1.5042137304941814,0.8609525946279367,27.797672907511394,22.34182373682658,0.3476460774739583,-0.11785778922179395,-0.11430342377246523,0.0,7164228.0,True,model_complete
2018-10,269.8,46.04,46.02964630126954,-0.0103536987304622,0.0,2833783.5196510004,765.03572898245,981.385966548387,10169.659271290324,7757.285594193549,3591.4864516129032,0.26687705665699,2.380829334259033,15.969194412231444,-0.1015162910553517,3723.7311827956983,1.0,-0.8660254037844386,0.5000000000000001,-1.5078697204589862,32.400000000000006,24.52000000000001,3971.742222222223,0.0,3594.6765,0.5088170766830444,25.690353393554688,1.5072755813598633,-0.108196968889851,0.2622661213007764,28.923333333333343,27.583333333333332,4629.629844683393,1.5682663122812908,0.8648571309943994,27.344420115152996,24.717834154764812,0.6695311864217123,-0.1148776467243503,-0.11441043703850477,0.0,7164228.0,True,model_complete
2018-11,231.0,53.8,53.80309633255005,0.0030963325500508,0.0975,2833695.1415469963,680.87758667952,959.9464303333332,11129.846460333332,5160.369150666666,3587.847666666667,0.2613476354772173,0.1807592511177063,9.821361541748049,-0.1075887477750803,3853.933333333333,1.0,-0.5000000000000004,0.8660254037844384,-1.4694099426269513,46.04,29.849999999999994,3723.7311827956983,0.0,3591.4864516129032,2.380829334259033,15.969194412231444,-1.5078697204589862,-0.1015162910553517,0.26687705665699,36.09666666666667,30.081666666666667,4254.528410991636,1.441302220026652,1.2487889006733894,23.096410751342773,24.41376717885335,0.0862563451131179,-0.10819696888985102,-0.11287164249387395,0.0,7164228.0,True,model_complete
2018-12,219.5,56.1,56.10093598365784,0.0009359836578326,1.6491935483870968,2832679.320724001,537.1970714292,725.5987465483871,12036.03219032258,5239.2911048387095,3584.0838709677423,0.2646845154080952,0.6865299940109253,6.083337783813477,-0.0954320604320087,4144.956989247312,1.0,-2.4492935982947064e-16,1.0,0.44194650650024414,53.8,32.400000000000006,3853.933333333333,0.0975,3587.847666666667,0.1807592511177063,9.821361541748049,-1.4694099426269513,-0.1075887477750803,0.2613476354772173,44.080000000000005,34.901666666666664,3849.802246117084,1.023468554019928,1.2638411422570546,17.160303115844727,22.47898801167806,-0.4900013605753581,-0.105767335906761,-0.11181256256427748,0.0,7164228.0,True,model_complete
2019-01,173.2,65.36,65.35733089447021,-0.0026691055297902,2.82983870967742,2829654.462434,564.4037017772,213.4014281612903,13070.337709677418,4929.402473870968,3578.7256451612902,0.2594558892130466,0.9853848814964294,5.555605888366699,-0.0595214199687112,4687.645161290323,1.0,0.49999999999999994,0.8660254037844387,-0.23708367347717285,56.1,46.04,4144.956989247312,1.6491935483870968,3584.0838709677423,0.6865299940109253,6.083337783813477,0.44194650650024414,-0.0954320604320087,0.2646845154080952,51.98,40.45166666666667,3907.5405017921134,1.0827061931292217,1.3254862527052562,10.62463124593099,18.984525680541992,-0.8451110521952311,-0.10151236642081357,-0.10819500657258192,0.01781280551093567,7291843.0,True,model_complete
2019-02,113.75,77.25,77.25693450927734,0.0069345092773431,4.547552339901478,2829940.449139,574.63119334098,244.88257317857145,13150.946542857142,6107.699163214286,3574.0226785714285,0.2667492033619998,2.327234268188477,4.944519996643066,-0.0407140634063383,6028.345238095238,1.0,0.8660254037844386,0.5000000000000001,-2.5723350048065186,65.36,53.8,4687.645161290323,2.82983870967742,3578.7256451612902,0.9853848814964294,5.555605888366699,-0.23708367347717285,-0.0595214199687112,0.2594558892130466,58.42000000000001,47.25833333333333,4228.845161290322,0.6175580422083536,1.029430131117503,7.153435071309407,15.12492291132609,-0.42151570320129333,-0.08751407605860007,-0.09785552247422553,0.0,7291843.0,True,model_complete
2019-03,39.0,92.2,92.1722993850708,-0.027700614929202,3.091935483870968,2831519.4883429967,685.74904889941,368.4928934193548,12868.858041935484,9336.40744032258,3570.641451612903,0.2658189636427709,1.0993618965148926,10.957327842712402,-0.025720221304701,6568.193548387096,1.0,1.0,6.123233995736766e-17,-0.2924661636352539,77.25,56.1,6028.345238095238,4.547552339901478,3574.0226785714285,2.327234268188477,4.944519996643066,-2.5723350048065186,-0.0407140634063383,0.2667492033619998,66.23666666666666,55.15833333333334,4953.64912954429,1.3330497145652773,1.1782591342926028,5.527821222941081,11.344062169392904,-0.7891573905944824,-0.06522251460235273,-0.08549492525455687,0.0,7291843.0,True,model_complete
2019-04,21.6,95.68,95.68456740379334,0.0045674037933309,0.0166666666666666,2836983.719500001,885.45195946415,600.7315853666666,12099.942753333333,15105.255838,3569.1070000000004,0.2671228307729218,0.6119335889816284,16.11408805847168,-0.0539252083153938,4760.475555555556,1.0,0.8660254037844387,-0.4999999999999998,0.9233546257019043,92.2,65.36,6568.193548387096,3.091935483870968,3570.641451612903,1.0993618965148926,10.957327842712402,-0.2924661636352539,-0.025720221304701,0.2658189636427709,78.27,65.125,5761.3946492575515,1.4706603487332661,1.2766832709312441,7.15248457590739,8.88855791091919,-1.0339616139729817,-0.04198523489325017,-0.07174880065703186,0.0,7291843.0,True,model_complete
2019-05,21.0,95.8,95.7984361204505,-0.0015638795494936,0.0,2834512.0443630004,865.26383149958,737.8593273225807,11705.998303225806,32193.483441935485,3578.353548387097,0.2621157684002159,0.7285277843475342,16.980865478515625,-0.0546601849312686,4372.451612903226,1.0,0.49999999999999994,-0.8660254037844387,-3.6722564697265625,95.68,77.25,4760.475555555556,0.0166666666666666,3569.1070000000004,0.6119335889816284,16.11408805847168,0.9233546257019043,-0.0539252083153938,0.2671228307729218,88.37666666666667,73.39833333333334,5785.671447345962,1.3461765845616658,0.9818673133850099,10.671978632609049,8.912706851959229,-0.647148847579956,-0.04011983100881103,-0.06381695353370555,0.0,7291843.0,True,model_complete
2019-06,8.75,98.25,98.25017838478088,0.0001783847808809,0.0025,2877583.0504500014,1086.4765142354,1375.4687616666668,12855.173935666668,60216.46394,3598.0606666666667,0.2460863913180434,0.358752429485321,25.333913803100582,-0.0587710987813954,4649.577777777778,1.0,1.2246467991473532e-16,-1.0,-1.1745777130126989,95.8,92.2,4372.451612903226,0.0,3578.353548387097,0.7285277843475342,16.980865478515625,-3.6722564697265625,-0.0546601849312686,0.2621157684002159,94.56,80.39833333333333,5233.706905615291,0.8132744232813517,1.0731620689233146,14.684093793233236,10.105957508087158,-1.0137893358866374,-0.044768538183787794,-0.05499552639307026,0.0,7291843.0,True,model_complete
2019-07,5.0,99.0,99.00638777017592,0.0063877701759338,0.0,2836434.361173999,1079.0123721637,1842.9616261290323,13940.773858064516,32770.38873225806,3619.0529032258064,0.2389953278036927,1.9049509763717647,28.841182708740234,-0.0859295528157961,4916.282795698925,1.0,-0.4999999999999997,-0.8660254037844388,0.3699150085449219,98.25,95.68,4649.577777777778,0.0025,3598.0606666666667,0.358752429485321,25.333913803100582,-1.1745777130126989,-0.0587710987813954,0.2460863913180434,96.57666666666667,87.42333333333333,4594.1683154121865,0.5664046009381613,1.0185324748357139,19.47628911336263,13.31438684463501,-1.3078265190124523,-0.05578549734268593,-0.048885366117968045,0.0,7291843.0,True,model_complete
2019-08,48.25,90.35,90.33745193481444,-0.0125480651855411,0.0,2842247.808439003,1073.5654858876,1858.854867096774,14636.59857419355,9895.075337741937,3620.5416129032255,0.2481096762339035,1.768083095550537,28.81264877319336,-0.0868161834132835,5135.402150537634,1.0,-0.8660254037844384,-0.5000000000000004,1.4423274993896484,99.0,95.8,4916.282795698925,0.0,3619.0529032258064,1.9049509763717647,28.841182708740234,0.3699150085449219,-0.0859295528157961,0.2389953278036927,97.68333333333334,93.02999999999999,4646.104062126643,0.9974103967348733,1.1717934906482697,23.71865399678548,17.195316314697266,-1.4923063913981132,-0.06645361217615336,-0.053286721592482204,0.0,7291843.0,True,model_complete
2019-09,178.5,64.3,64.38030014038085,0.0803001403808565,0.0,2836005.567497,990.7912290122,1733.18875,11538.397979,6372.021018,3616.8929876666666,0.2545824490744907,1.0321110486984253,24.24195671081543,-0.0950883452299703,4019.738888888889,1.0,-1.0,-1.8369701987210297e-16,0.05887889862060547,90.35,98.25,5135.402150537634,0.0,3620.5416129032255,1.768083095550537,28.81264877319336,1.4423274993896484,-0.0868161834132835,0.2481096762339035,95.86666666666667,95.21333333333332,4900.420908004778,1.343928833802541,1.0786016285419464,27.66258176167806,21.173337777455647,0.2125549316406238,-0.077172278336825,-0.0609704082603064,0.0,7291843.0,True,model_complete
2019-10,204.2,59.16,59.12646799087524,-0.0335320091247552,0.0,2916778.7742680004,869.17066035413,1143.8340825806451,10166.924502580643,6461.8176,3614.073064516129,0.2651487091790048,0.0492887087166309,16.12042999267578,-0.1011680092870865,3496.5344086021505,1.0,-0.8660254037844386,0.5000000000000001,-1.3566341400146484,64.3,99.0,4019.738888888889,0.0,3616.8929876666666,1.0321110486984253,24.24195671081543,0.05887889862060547,-0.0950883452299703,0.2545824490744907,84.55,90.56333333333333,4690.474611708482,1.568381706873576,1.0673931539058685,27.298596064249676,23.387442588806152,0.623707135518392,-0.08927802715301662,-0.07253176224785128,0.0,7291843.0,True,model_complete
2019-11,211.25,57.75,57.75565722942352,0.0056572294235195,0.0975,2830440.5563059985,710.40469607166,1127.180678,10521.210266666669,7838.541788,3612.0826666666662,0.2502725657944065,2.5710949897766118,11.945493698120115,-0.101571835959738,3679.933333333333,1.0,-0.5000000000000004,0.8660254037844384,0.6547222137451154,59.16,90.35,3496.5344086021505,0.0,3614.073064516129,0.0492887087166309,16.12042999267578,-1.3566341400146484,-0.1011680092870865,0.2651487091790048,71.27,84.47666666666666,4217.225149342891,0.9498276176551977,0.9736190071950356,23.058345158894856,23.388499577840168,0.04819075266520182,-0.09435751264344676,-0.08040556240980007,0.0,7291843.0,True,model_complete
2019-12,102.2,79.56,79.53736686706543,-0.0226331329345725,1.6491935483870968,2829541.3529059985,548.0662460984,861.8407669354839,12199.993435483872,8232.50334483871,3609.9293548387095,0.2702946954872279,1.6902282238006592,5.641391277313232,-0.0417312960187081,4691.182795698925,1.0,-2.4492935982947064e-16,1.0,0.0,57.75,64.3,3679.933333333333,0.0975,3612.0826666666662,2.5710949897766118,11.945493698120115,0.6547222137451154,-0.101571835959738,0.2502725657944065,60.403333333333336,78.13499999999999,3732.068876941457,1.2174982490638893,1.2807135414332154,17.43596013387044,22.54927094777425,-0.21434434254964252,-0.09927606349226492,-0.08822417091454497,0.0,7291843.0,True,model_complete
2020-01,67.0,86.6,86.60149150848389,0.0014915084838946,2.82983870967742,2833429.9100030023,554.0328765048,263.9525432903226,12358.018387096774,6814.611690645162,3607.024516129032,0.2626950722812068,0.276490181684494,6.207083225250244,-0.0416826583241516,4560.903225806452,1.0,0.49999999999999994,0.8660254037844387,0.41439366340637207,79.56,59.16,4691.182795698925,1.6491935483870968,3609.9293548387095,1.6902282238006592,5.641391277313232,0.0,-0.0417312960187081,0.2702946954872279,65.49000000000001,75.02,3955.883512544802,1.4368706407646339,1.502626173819105,11.235771656036377,19.267183860143025,-0.23397064208984433,-0.0814903804218442,-0.0853842037874304,-0.014426531125258713,7186647.0,True,model_complete
2020-02,68.25,86.35,86.353073990345,0.0030739903450012,4.547552339901478,2824464.7400080008,645.764021526,298.92783393103446,11739.629085172412,6835.256857586207,3604.059827586207,0.2736932355631532,0.9200426936149596,7.482034206390381,-0.0462130781656397,4577.126436781609,1.0,0.8660254037844386,0.5000000000000001,-0.0348207950592041,86.6,57.75,4560.903225806452,2.82983870967742,3607.024516129032,0.276490181684494,6.207083225250244,0.41439366340637207,-0.0416826583241516,0.2626950722812068,74.63666666666667,72.95333333333333,4310.673118279569,1.5126044650872548,1.2312160413712265,7.931322733561198,15.494833946228027,0.35637195905049585,-0.0616619301008659,-0.07800972137215632,0.0,7186647.0,True,model_complete
2020-03,60.0,88.0,88.01405475139617,0.0140547513961735,3.091935483870968,2825202.608735999,625.72126440478,468.3592616129032,11382.46421967742,8219.088629032258,3601.553225806452,0.3056832823488835,2.0945019721984863,10.436973571777344,-0.0525963137972798,5748.31182795699,1.0,1.0,6.123233995736766e-17,-0.8128204345703125,86.35,79.56,4577.126436781609,4.547552339901478,3604.059827586207,0.9200426936149596,7.482034206390381,-0.0348207950592041,-0.0462130781656397,0.2736932355631532,84.17,72.28666666666666,4609.737486095662,0.9622536997000376,1.0898759743819635,6.443502902984619,11.93973151842753,0.126524289449056,-0.04320901083616646,-0.07124253716421569,0.0,7186647.0,True,model_complete
2020-04,43.0,91.4,91.39468932151794,-0.0053106784820613,0.0166666666666666,2833479.8908889983,865.75033772969,760.5044675,10589.314011,8565.881655333334,3600.0076666666664,0.3049995396438613,0.3338611721992492,15.484563827514648,-0.0510027276797934,4078.533333333333,1.0,0.8660254037844387,-0.4999999999999998,0.29383039474487305,88.0,86.6,5748.31182795699,3.091935483870968,3601.553225806452,2.0945019721984863,10.436973571777344,-0.8128204345703125,-0.0525963137972798,0.3056832823488835,86.98333333333333,76.23666666666666,4962.113830181683,1.0970116158326466,1.2669411282986405,8.042030334472656,9.638900995254515,-0.14441585540771484,-0.04683068342902371,-0.06416053192543396,0.0,7186647.0,True,model_complete
2020-05,40.0,92.0,91.992988550663,-0.0070114493369999,0.0,2841172.015142001,984.4465505431,880.0126479032258,10224.265850000002,20384.225236451613,3601.809838709677,0.2782900316431967,0.4664314091205597,22.21785545349121,-0.0678424964105952,3717.447311827957,1.0,0.49999999999999994,-0.8660254037844387,1.5647335052490234,91.4,86.35,4078.533333333333,0.0166666666666666,3600.0076666666664,0.3338611721992492,15.484563827514648,0.29383039474487305,-0.0510027276797934,0.3049995396438613,88.58333333333333,81.61,4801.323866023977,1.1161352793375652,1.3143698722124102,11.134523868560791,9.532923301060995,-0.1846036116282145,-0.049937373214237635,-0.05579965165755177,0.0,7186647.0,True,model_complete
2020-06,50.4,89.92,89.9210524559021,0.0010524559020979,0.0025,2889247.7542679994,1061.5260157359,1488.7882286666668,10921.700004333334,21732.987608333333,3609.482333333333,0.2559046848982163,0.1993669867515564,26.14420318603516,-0.0884746708081328,3770.924444444445,1.0,1.2246467991473532e-16,-1.0,-0.36428833007812145,92.0,88.0,3717.447311827957,0.0,3601.809838709677,0.4664314091205597,22.21785545349121,1.5647335052490234,-0.0678424964105952,0.2782900316431967,90.46666666666668,87.31833333333333,4514.764157706092,0.9649315178394318,0.9635926087697347,16.046464284261067,11.244983593622843,0.34858115514119464,-0.05714717929588947,-0.05017809506602797,0.0,7186647.0,True,model_complete
2020-07,101.75,79.65,79.64333717346192,-0.0066628265380899,0.0,2835786.0275009978,1068.6174510222,1716.361059032258,12196.44825032258,5398.90883483871,3608.50207,0.2491335651012954,1.6678428649902344,29.418607711791992,-0.0998401483536671,4246.665591397849,1.0,-0.4999999999999997,-0.8660254037844388,0.9473400115966797,89.92,91.4,3770.924444444445,0.0025,3609.482333333333,0.1993669867515564,26.14420318603516,-0.36428833007812145,-0.0884746708081328,0.2559046848982163,91.10666666666668,89.045,3855.6350298685775,0.33321985602378845,0.7151157359282175,21.282207489013672,14.662118911743164,0.4980918566385917,-0.06910663163284046,-0.05796865753093208,0.0,7186647.0,True,model_complete
2020-08,247.5,50.5,50.50236358642579,0.0023635864257869,0.0,2830862.9318070025,1069.6795294813,1650.2259706451612,13549.26436451613,3260.2272003225808,3602.932688064516,0.2506195495036141,0.7290976643562317,30.16922378540039,-0.1213461536781861,4737.133333333333,1.0,-0.8660254037844384,-0.5000000000000004,2.7989025115966797,79.65,92.0,4246.665591397849,0.0,3608.50207,1.6678428649902344,29.418607711791992,0.9473400115966797,-0.0998401483536671,0.2491335651012954,87.19000000000001,87.88666666666666,3911.6791158900833,0.7778804202874502,0.9470078498125076,25.926888783772785,18.53070632616679,0.7159283955891939,-0.08538577185746504,-0.06766157253585134,0.0,7186647.0,True,model_complete
2020-09,345.6,30.879999999999995,30.87313270568848,-0.0068672943115188,0.0,2854396.1075299983,1040.2307523278,1523.0872376666666,10117.460979666668,4481.304787333333,3597.7681666666667,0.2475249996250018,0.0975748896598815,25.65115165710449,-0.1397013803338671,3565.9233333333327,1.0,-1.0,-1.8369701987210297e-16,1.4680738449096644,50.5,89.92,4737.133333333333,0.0,3602.932688064516,0.7290976643562317,30.16922378540039,2.7989025115966797,-0.1213461536781861,0.2506195495036141,73.35666666666667,81.91166666666668,4251.574456391875,0.8654358386993408,0.9151836782693864,28.57734489440918,22.311904589335125,1.127318064371746,-0.10322032427999533,-0.08018375178794239,0.0,7186647.0,True,model_complete
2020-10,384.0,23.200000000000003,23.19964778900146,-0.0003522109985425,0.0,2887517.8118180013,894.0823116476,996.5683477741936,10411.756123225809,4000.518078064516,3593.7493548387097,0.2384173099134504,0.0942907184362411,20.16232681274414,-0.1360901742306459,3671.1408602150536,1.0,-0.8660254037844386,0.5000000000000001,2.685262680053711,30.879999999999995,79.65,3565.9233333333327,0.0,3597.7681666666667,0.0975748896598815,25.65115165710449,1.4680738449096644,-0.1397013803338671,0.2475249996250018,53.67666666666668,72.39166666666667,4183.240752688172,0.8315051396687826,0.5823624978462856,28.412994384765625,24.84760093688965,1.7381054560343412,-0.12029589412190676,-0.09470126287737361,0.0,7186647.0,True,model_complete
2020-11,415.75,16.849999999999994,16.85108442306519,0.001084423065194,0.0975,2830948.942226001,760.79458532917,972.0277908666668,10758.266849999998,4685.962409333334,3589.698666666666,0.2401757047825467,0.2539256513118744,12.485105514526367,-0.1251369981971532,3730.433333333333,1.0,-0.5000000000000004,0.8660254037844384,1.1943340301513672,23.200000000000003,50.5,3671.1408602150536,0.0,3593.7493548387097,0.0942907184362411,20.16232681274414,2.685262680053711,-0.1360901742306459,0.2384173099134504,34.86000000000001,61.025,3991.3991756272394,0.3069877574841181,0.5424340888857843,25.32756741841634,25.627228101094563,2.317413012186685,-0.1323792360808997,-0.10888250396918236,0.0,7186647.0,True,model_complete
2020-12,466.2,6.760000000000005,6.759036636352533,-0.0009633636474717,1.6491935483870968,2826529.917063002,599.3462610529,729.6321563548387,11690.650267741936,3534.077948387097,3584.882741935484,0.2402209275297117,0.3254894912242889,5.829766273498535,-0.1361653878003103,3977.430107526881,1.0,-2.4492935982947064e-16,1.0,0.18837499618530273,16.849999999999994,30.879999999999995,3730.433333333333,0.0975,3589.698666666666,0.2539256513118744,12.485105514526367,1.1943340301513672,-0.1251369981971532,0.2401757047825467,23.643333333333334,48.5,3655.832508960573,0.1485970864693323,0.5070164625843366,19.432861328125,24.00510311126709,1.7825568517049142,-0.1336428509205554,-0.11843158760027535,0.0,7186647.0,True,model_complete
2021-01,460.5,7.900000000000006,,,,,,,,,,0.2348755514733448,1.0428025722503662,6.097232818603516,,4216.021505376344,1.0,,,0.03372979164123535,,,,,,,,,,,,,,,,,,,,,,,False,historical_only
2021-02,432.0,13.599999999999994,,,,,,,,,,0.2267105277759033,0.2886047661304474,8.015288352966309,,4134.02380952381,1.0,,,0.49843335151672363,,,,,,,,,,,,,,,,,,,,,,,False,historical_only
2021-03,433.2,13.36,,,,,,,,,,0.2242768203528609,0.5673147439956665,9.765092849731444,,3904.516129032258,1.0,,,-1.30537796020508,,,,,,,,,,,,,,,,,,,,,,,False,historical_only
2021-04,437.25,12.549999999999995,,,,,,,,,,0.218043272670011,0.1704627126455307,17.048933029174805,,3652.54,1.0,,,1.7701382637023926,,,,,,,,,,,,,,,,,,,,,,,False,historical_only
2021-05,438.0,12.400000000000006,,,,,,,,,,0.2107726839875529,0.055354468524456,21.39760971069336,,3579.068817204301,1.0,,,0.5695991516113281,,,,,,,,,,,,,,,,,,,,,,,False,historical_only
2021-06,438.6,12.28,,,,,,,,,,0.204907418849306,0.5644179582595825,28.54596328735352,,3756.115555555556,1.0,,,1.916164398193363,,,,,,,,,,,,,,,,,,,,,,,False,historical_only
2021-07,412.25,17.549999999999997,,,,,,,,,,0.2527498414197989,3.638437271118164,28.13037872314453,,4465.35376344086,1.0,,,-0.4579763412475586,,,,,,,,,,,,,,,,,,,,,,,False,historical_only
2021-08,295.0,41.0,,,,,,,,,,0.3182413891867169,1.4179110527038574,27.44009017944336,,4658.698924731183,1.0,,,0.015316963195800781,,,,,,,,,,,,,,,,,,,,,,,False,historical_only
2021-09,239.25,52.15,,,,,,,,,,0.3085011659118856,1.3976439237594604,24.961185455322266,,3794.5077777777774,1.0,,,0.5962390899658203,,,,,,,,,,,,,,,,,,,,,,,False,historical_only
2021-10,223.5,55.3,,,,,,,,,,0.2778086926521214,0.5371025800704956,16.305971145629883,,2795.838709677419,1.0,,,-1.1601037979125977,,,,,,,,,,,,,,,,,,,,,,,False,historical_only
2021-11,220.0,56.0,,,,,,,,,,0.2518510976112798,0.0544387549161911,13.875412940979004,,2872.3111111111107,1.0,,,2.4626474380493164,,,,,,,,,,,,,,,,,,,,,,,False,historical_only
2021-12,213.0,57.4,,,,,,,,,,0.2469827101331893,1.730907678604126,7.878799915313721,,3429.387096774193,1.0,,,1.939922571182251,,,,,,,,,,,,,,,,,,,,,,,False,historical_only
2022-01,187.75,62.45,,,,,,,,,,0.236975329477861,0.3512917757034302,6.503398895263672,,3971.52688172043,1.0,,,0.4398958683013916,,,,,,,,,,,,,,,,,,,,,,,False,historical_only
2022-02,188.0,62.4,,,,,,,,,,0.2275670771861663,0.376390278339386,6.811704158782959,,3468.535714285714,1.0,,,-0.705150842666626,,,,,,,,,,,,,,,,,,,,,,,False,historical_only
2022-03,211.0,57.8,,,,,,,,,,0.2224332968368005,0.4544154405593872,11.47515869140625,,3409.9462365591403,1.0,,,0.40468788146972656,,,,,,,,,,,,,,,,,,,,,,,False,historical_only
2022-04,255.75,48.85,,,,,,,,,,0.2176006081055749,0.0513311922550201,16.691221237182617,,3093.0111111111114,1.0,,,1.412426471710205,,,,,,,,,,,,,,,,,,,,,,,False,historical_only
2022-05,290.2,41.96,,,,,,,,,,0.2084057620357943,0.0031913253478705,21.49359893798828,,3324.1473118279573,1.0,,,0.66558837890625,,,,,,,,,,,,,,,,,,,,,,,False,historical_only
2022-06,304.25,39.15,,,,,,,,,,0.204883776021357,0.8314103484153748,27.34297752380371,,3377.591111111111,1.0,,,0.7131786346435547,,,,,,,,,,,,,,,,,,,,,,,False,historical_only
2022-07,289.75,42.05,,,,,,,,,,0.2343480596209213,3.097700595855713,28.767433166503903,,3807.506451612904,1.0,,,0.17907810211181285,,,,,,,,,,,,,,,,,,,,,,,False,historical_only
2022-08,228.4,54.32,,,,,,,,,,0.3214048129986204,2.3741400241851807,26.994630813598636,,4548.148387096774,1.0,,,-0.43014240264892223,,,,,,,,,,,,,,,,,,,,,,,False,historical_only
2022-09,185.5,62.9,,,,,,,,,,0.3348384695568704,1.0465296506881714,25.182031631469727,,3312.1633333333334,1.0,,,0.8170852661132812,,,,,,,,,,,,,,,,,,,,,,,False,historical_only
2022-10,167.5,66.5,,,,,,,,,,0.2899775223164054,0.9347552061080932,17.45508575439453,,2841.698924731183,1.0,,,-0.010989189147949219,,,,,,,,,,,,,,,,,,,,,,,False,historical_only
2022-11,159.4,68.12,,,,,,,,,,0.266926295774014,0.3075769245624542,7.901845455169678,,2983.788888888889,1.0,,,-3.5109200477600098,,,,,,,,,,,,,,,,,,,,,,,False,historical_only
2022-12,136.5,72.7,,,,,,,,,,0.2560876212045084,1.417205572128296,6.207709312438965,,3467.2150537634407,1.0,,,0.2688319683074951,,,,,,,,,,,,,,,,,,,,,,,False,historical_only
2023-01,95.8,80.84,,,,,,,,,,0.2353668391761546,1.8209844827651975,4.6250529289245605,,4071.0967741935488,1.0,,,-1.4384500980377197,,,,,,,,,,,,,,,,,,,,,,,False,historical_only
2023-02,61.25,87.75,,,,,,,,,,0.2291990422476056,1.056699514389038,5.392575263977051,,3779.464285714286,1.0,,,-2.124279737472534,,,,,,,,,,,,,,,,,,,,,,,False,historical_only
2023-03,36.0,92.8,,,,,,,,,,0.2419603689400472,1.827425241470337,8.448441505432129,,6552.913978494624,1.0,,,-2.6220293045043945,,,,,,,,,,,,,,,,,,,,,,,False,historical_only
2023-04,21.0,95.8,,,,,,,,,,0.2495659653595261,0.0576141662895679,15.26142692565918,,6797.866666666666,1.0,,,-0.017367839813232422,,,,,,,,,,,,,,,,,,,,,,,False,historical_only
2023-05,19.0,96.2,,,,,,,,,,0.2531446898640695,0.3627040088176727,20.37250518798828,,6446.056989247313,1.0,,,-0.45550537109375,,,,,,,,,,,,,,,,,,,,,,,False,historical_only
2023-06,18.5,96.3,,,,,,,,,,0.246546810345474,0.120847500860691,24.01795959472656,,6186.684444444444,1.0,,,-2.6118392944335973,,,,,,,,,,,,,,,,,,,,,,,False,historical_only
2023-07,32.75,93.45,,,,,,,,,,0.2384576630019048,0.7430649995803833,31.294580459594727,,6364.789247311829,1.0,,,2.7062253952026367,,,,,,,,,,,,,,,,,,,,,,,False,historical_only
2023-08,110.0,78.0,,,,,,,,,,0.2496550313474922,1.0373218059539795,28.65279960632324,,4997.580645161291,1.0,,,1.22802639007568,,,,,,,,,,,,,,,,,,,,,,,False,historical_only
2023-09,160.0,68.0,,,,,,,,,,0.2639847925541489,0.7975644469261169,24.45231437683105,,2743.321111111111,1.0,,,0.08736801147460582,,,,,,,,,,,,,,,,,,,,,,,False,historical_only
2023-10,182.6,63.48,,,,,,,,,,0.2538849693642615,0.0368769019842147,19.31122589111328,,2666.4870967741936,1.0,,,1.8451509475708008,,,,,,,,,,,,,,,,,,,,,,,False,historical_only
2023-11,190.0,62.0,,,,,,,,,,0.2457718723748949,0.4017246961593628,12.096860885620115,,2937.066666666667,1.0,,,0.6840953826904279,,,,,,,,,,,,,,,,,,,,,,,False,historical_only
2023-12,188.0,62.4,,,,,,,,,,0.2482241320355734,0.7777101993560791,7.85129976272583,,3416.892473118279,1.0,,,1.9124224185943604,,,,,,,,,,,,,,,,,,,,,,,False,historical_only
